ISO-10303-21;
HEADER;
/* Generated by software containing ST-Developer
 * from STEP Tools, Inc. (www.steptools.com) 
 */

FILE_DESCRIPTION(
/* description */ (''),
/* implementation_level */ '2;1');

FILE_NAME(
/* name */ 'Water Dispenser Print Layout.step',
/* time_stamp */ '2026-05-31T21:08:04+01:00',
/* author */ (''),
/* organization */ (''),
/* preprocessor_version */ 'ST-DEVELOPER v20.1',
/* originating_system */ 'Autodesk Translation Framework v15.8.0.0',
/* authorisation */ '');

FILE_SCHEMA (('AUTOMOTIVE_DESIGN { 1 0 10303 214 3 1 1 }'));
ENDSEC;

DATA;
#10=MECHANICAL_DESIGN_GEOMETRIC_PRESENTATION_REPRESENTATION('',(#23,#24,
#25,#26,#27,#28,#29,#30,#31,#32,#33,#34,#35,#36,#37,#38,#39,#40),#5248);
#11=ITEM_DEFINED_TRANSFORMATION($,$,#3182,#3464);
#12=ITEM_DEFINED_TRANSFORMATION($,$,#3363,#3465);
#13=(
REPRESENTATION_RELATIONSHIP($,$,#5262,#5261)
REPRESENTATION_RELATIONSHIP_WITH_TRANSFORMATION(#11)
SHAPE_REPRESENTATION_RELATIONSHIP()
);
#14=(
REPRESENTATION_RELATIONSHIP($,$,#5263,#5261)
REPRESENTATION_RELATIONSHIP_WITH_TRANSFORMATION(#12)
SHAPE_REPRESENTATION_RELATIONSHIP()
);
#15=CONTEXT_DEPENDENT_SHAPE_REPRESENTATION(#13,#5259);
#16=CONTEXT_DEPENDENT_SHAPE_REPRESENTATION(#14,#5260);
#17=NEXT_ASSEMBLY_USAGE_OCCURRENCE('PCB Case:1','PCB Case:1',
'PCB Case:1',#5265,#5266,'PCB Case:1');
#18=NEXT_ASSEMBLY_USAGE_OCCURRENCE('Pump:1','Pump:1','Pump:1',#5265,#5267,
'Pump:1');
#19=SHAPE_REPRESENTATION_RELATIONSHIP('SRR','None',#5262,#21);
#20=SHAPE_REPRESENTATION_RELATIONSHIP('SRR','None',#5263,#22);
#21=ADVANCED_BREP_SHAPE_REPRESENTATION('',(#41,#42,#43,#44,#45,#46,#47,
#48,#49,#50,#51,#52,#53),#5246);
#22=ADVANCED_BREP_SHAPE_REPRESENTATION('',(#54,#55,#56,#57,#58),#5247);
#23=STYLED_ITEM('',(#5280),#41);
#24=STYLED_ITEM('',(#5280),#42);
#25=STYLED_ITEM('',(#5280),#43);
#26=STYLED_ITEM('',(#5280),#44);
#27=STYLED_ITEM('',(#5280),#45);
#28=STYLED_ITEM('',(#5280),#46);
#29=STYLED_ITEM('',(#5280),#47);
#30=STYLED_ITEM('',(#5280),#48);
#31=STYLED_ITEM('',(#5280),#49);
#32=STYLED_ITEM('',(#5280),#50);
#33=STYLED_ITEM('',(#5280),#51);
#34=STYLED_ITEM('',(#5280),#52);
#35=STYLED_ITEM('',(#5280),#53);
#36=STYLED_ITEM('',(#5280),#54);
#37=STYLED_ITEM('',(#5280),#55);
#38=STYLED_ITEM('',(#5280),#56);
#39=STYLED_ITEM('',(#5280),#57);
#40=STYLED_ITEM('',(#5280),#58);
#41=MANIFOLD_SOLID_BREP('Body1',#3151);
#42=MANIFOLD_SOLID_BREP('Body2',#3152);
#43=MANIFOLD_SOLID_BREP('Body3',#3153);
#44=MANIFOLD_SOLID_BREP('Body4',#3154);
#45=MANIFOLD_SOLID_BREP('Body7',#3155);
#46=MANIFOLD_SOLID_BREP('Body9',#3156);
#47=MANIFOLD_SOLID_BREP('Body11',#3157);
#48=MANIFOLD_SOLID_BREP('Body8',#3158);
#49=MANIFOLD_SOLID_BREP('Body10',#3159);
#50=MANIFOLD_SOLID_BREP('Body5',#3160);
#51=MANIFOLD_SOLID_BREP('Body6',#3161);
#52=MANIFOLD_SOLID_BREP('Body12',#3162);
#53=MANIFOLD_SOLID_BREP('Body13',#3163);
#54=MANIFOLD_SOLID_BREP('Body1',#3164);
#55=MANIFOLD_SOLID_BREP('Body2',#3165);
#56=MANIFOLD_SOLID_BREP('Body3',#3166);
#57=MANIFOLD_SOLID_BREP('Body4',#3167);
#58=MANIFOLD_SOLID_BREP('Body5',#3168);
#59=FACE_BOUND('',#418,.T.);
#60=FACE_BOUND('',#419,.T.);
#61=FACE_BOUND('',#420,.T.);
#62=FACE_BOUND('',#439,.T.);
#63=FACE_BOUND('',#440,.T.);
#64=FACE_BOUND('',#441,.T.);
#65=FACE_BOUND('',#445,.T.);
#66=FACE_BOUND('',#455,.T.);
#67=FACE_BOUND('',#457,.T.);
#68=FACE_BOUND('',#461,.T.);
#69=FACE_BOUND('',#470,.T.);
#70=FACE_BOUND('',#471,.T.);
#71=FACE_BOUND('',#473,.T.);
#72=FACE_BOUND('',#474,.T.);
#73=FACE_BOUND('',#481,.T.);
#74=FACE_BOUND('',#483,.T.);
#75=FACE_BOUND('',#490,.T.);
#76=FACE_BOUND('',#492,.T.);
#77=FACE_BOUND('',#499,.T.);
#78=FACE_BOUND('',#501,.T.);
#79=FACE_BOUND('',#508,.T.);
#80=FACE_BOUND('',#510,.T.);
#81=FACE_BOUND('',#519,.T.);
#82=FACE_BOUND('',#528,.T.);
#83=FACE_BOUND('',#537,.T.);
#84=FACE_BOUND('',#546,.T.);
#85=FACE_BOUND('',#553,.T.);
#86=FACE_BOUND('',#555,.T.);
#87=FACE_BOUND('',#562,.T.);
#88=FACE_BOUND('',#564,.T.);
#89=FACE_BOUND('',#590,.T.);
#90=FACE_BOUND('',#591,.T.);
#91=FACE_BOUND('',#592,.T.);
#92=FACE_BOUND('',#593,.T.);
#93=FACE_BOUND('',#594,.T.);
#94=FACE_BOUND('',#595,.T.);
#95=FACE_BOUND('',#597,.T.);
#96=FACE_BOUND('',#598,.T.);
#97=FACE_BOUND('',#599,.T.);
#98=FACE_BOUND('',#600,.T.);
#99=FACE_BOUND('',#601,.T.);
#100=FACE_BOUND('',#602,.T.);
#101=FACE_BOUND('',#606,.T.);
#102=FACE_BOUND('',#607,.T.);
#103=FACE_BOUND('',#613,.T.);
#104=FACE_BOUND('',#614,.T.);
#105=PLANE('',#3186);
#106=PLANE('',#3187);
#107=PLANE('',#3196);
#108=PLANE('',#3197);
#109=PLANE('',#3200);
#110=PLANE('',#3203);
#111=PLANE('',#3204);
#112=PLANE('',#3205);
#113=PLANE('',#3206);
#114=PLANE('',#3207);
#115=PLANE('',#3208);
#116=PLANE('',#3209);
#117=PLANE('',#3210);
#118=PLANE('',#3211);
#119=PLANE('',#3212);
#120=PLANE('',#3213);
#121=PLANE('',#3217);
#122=PLANE('',#3218);
#123=PLANE('',#3222);
#124=PLANE('',#3223);
#125=PLANE('',#3224);
#126=PLANE('',#3225);
#127=PLANE('',#3226);
#128=PLANE('',#3227);
#129=PLANE('',#3228);
#130=PLANE('',#3229);
#131=PLANE('',#3230);
#132=PLANE('',#3231);
#133=PLANE('',#3232);
#134=PLANE('',#3233);
#135=PLANE('',#3237);
#136=PLANE('',#3238);
#137=PLANE('',#3245);
#138=PLANE('',#3246);
#139=PLANE('',#3247);
#140=PLANE('',#3248);
#141=PLANE('',#3252);
#142=PLANE('',#3253);
#143=PLANE('',#3257);
#144=PLANE('',#3258);
#145=PLANE('',#3259);
#146=PLANE('',#3263);
#147=PLANE('',#3264);
#148=PLANE('',#3268);
#149=PLANE('',#3269);
#150=PLANE('',#3270);
#151=PLANE('',#3274);
#152=PLANE('',#3275);
#153=PLANE('',#3279);
#154=PLANE('',#3280);
#155=PLANE('',#3281);
#156=PLANE('',#3285);
#157=PLANE('',#3286);
#158=PLANE('',#3290);
#159=PLANE('',#3291);
#160=PLANE('',#3292);
#161=PLANE('',#3296);
#162=PLANE('',#3297);
#163=PLANE('',#3298);
#164=PLANE('',#3302);
#165=PLANE('',#3303);
#166=PLANE('',#3304);
#167=PLANE('',#3308);
#168=PLANE('',#3309);
#169=PLANE('',#3310);
#170=PLANE('',#3314);
#171=PLANE('',#3315);
#172=PLANE('',#3316);
#173=PLANE('',#3320);
#174=PLANE('',#3321);
#175=PLANE('',#3322);
#176=PLANE('',#3326);
#177=PLANE('',#3327);
#178=PLANE('',#3328);
#179=PLANE('',#3332);
#180=PLANE('',#3333);
#181=PLANE('',#3334);
#182=PLANE('',#3338);
#183=PLANE('',#3339);
#184=PLANE('',#3340);
#185=PLANE('',#3344);
#186=PLANE('',#3345);
#187=PLANE('',#3346);
#188=PLANE('',#3350);
#189=PLANE('',#3351);
#190=PLANE('',#3355);
#191=PLANE('',#3356);
#192=PLANE('',#3357);
#193=PLANE('',#3361);
#194=PLANE('',#3362);
#195=PLANE('',#3385);
#196=PLANE('',#3392);
#197=PLANE('',#3399);
#198=PLANE('',#3403);
#199=PLANE('',#3407);
#200=PLANE('',#3408);
#201=PLANE('',#3409);
#202=PLANE('',#3410);
#203=PLANE('',#3411);
#204=PLANE('',#3415);
#205=PLANE('',#3416);
#206=PLANE('',#3417);
#207=PLANE('',#3421);
#208=PLANE('',#3423);
#209=PLANE('',#3432);
#210=PLANE('',#3433);
#211=PLANE('',#3434);
#212=PLANE('',#3438);
#213=PLANE('',#3439);
#214=PLANE('',#3440);
#215=PLANE('',#3441);
#216=PLANE('',#3442);
#217=PLANE('',#3443);
#218=PLANE('',#3444);
#219=PLANE('',#3445);
#220=PLANE('',#3446);
#221=PLANE('',#3447);
#222=PLANE('',#3448);
#223=PLANE('',#3449);
#224=PLANE('',#3450);
#225=PLANE('',#3451);
#226=PLANE('',#3452);
#227=PLANE('',#3454);
#228=PLANE('',#3455);
#229=PLANE('',#3456);
#230=PLANE('',#3459);
#231=PLANE('',#3460);
#232=PLANE('',#3461);
#233=PLANE('',#3462);
#234=PLANE('',#3463);
#235=FACE_OUTER_BOUND('',#415,.T.);
#236=FACE_OUTER_BOUND('',#416,.T.);
#237=FACE_OUTER_BOUND('',#417,.T.);
#238=FACE_OUTER_BOUND('',#421,.T.);
#239=FACE_OUTER_BOUND('',#422,.T.);
#240=FACE_OUTER_BOUND('',#423,.T.);
#241=FACE_OUTER_BOUND('',#424,.T.);
#242=FACE_OUTER_BOUND('',#425,.T.);
#243=FACE_OUTER_BOUND('',#426,.T.);
#244=FACE_OUTER_BOUND('',#427,.T.);
#245=FACE_OUTER_BOUND('',#428,.T.);
#246=FACE_OUTER_BOUND('',#429,.T.);
#247=FACE_OUTER_BOUND('',#430,.T.);
#248=FACE_OUTER_BOUND('',#431,.T.);
#249=FACE_OUTER_BOUND('',#432,.T.);
#250=FACE_OUTER_BOUND('',#433,.T.);
#251=FACE_OUTER_BOUND('',#434,.T.);
#252=FACE_OUTER_BOUND('',#435,.T.);
#253=FACE_OUTER_BOUND('',#436,.T.);
#254=FACE_OUTER_BOUND('',#437,.T.);
#255=FACE_OUTER_BOUND('',#438,.T.);
#256=FACE_OUTER_BOUND('',#442,.T.);
#257=FACE_OUTER_BOUND('',#443,.T.);
#258=FACE_OUTER_BOUND('',#444,.T.);
#259=FACE_OUTER_BOUND('',#446,.T.);
#260=FACE_OUTER_BOUND('',#447,.T.);
#261=FACE_OUTER_BOUND('',#448,.T.);
#262=FACE_OUTER_BOUND('',#449,.T.);
#263=FACE_OUTER_BOUND('',#450,.T.);
#264=FACE_OUTER_BOUND('',#451,.T.);
#265=FACE_OUTER_BOUND('',#452,.T.);
#266=FACE_OUTER_BOUND('',#453,.T.);
#267=FACE_OUTER_BOUND('',#454,.T.);
#268=FACE_OUTER_BOUND('',#456,.T.);
#269=FACE_OUTER_BOUND('',#458,.T.);
#270=FACE_OUTER_BOUND('',#459,.T.);
#271=FACE_OUTER_BOUND('',#460,.T.);
#272=FACE_OUTER_BOUND('',#462,.T.);
#273=FACE_OUTER_BOUND('',#463,.T.);
#274=FACE_OUTER_BOUND('',#464,.T.);
#275=FACE_OUTER_BOUND('',#465,.T.);
#276=FACE_OUTER_BOUND('',#466,.T.);
#277=FACE_OUTER_BOUND('',#467,.T.);
#278=FACE_OUTER_BOUND('',#468,.T.);
#279=FACE_OUTER_BOUND('',#469,.T.);
#280=FACE_OUTER_BOUND('',#472,.T.);
#281=FACE_OUTER_BOUND('',#475,.T.);
#282=FACE_OUTER_BOUND('',#476,.T.);
#283=FACE_OUTER_BOUND('',#477,.T.);
#284=FACE_OUTER_BOUND('',#478,.T.);
#285=FACE_OUTER_BOUND('',#479,.T.);
#286=FACE_OUTER_BOUND('',#480,.T.);
#287=FACE_OUTER_BOUND('',#482,.T.);
#288=FACE_OUTER_BOUND('',#484,.T.);
#289=FACE_OUTER_BOUND('',#485,.T.);
#290=FACE_OUTER_BOUND('',#486,.T.);
#291=FACE_OUTER_BOUND('',#487,.T.);
#292=FACE_OUTER_BOUND('',#488,.T.);
#293=FACE_OUTER_BOUND('',#489,.T.);
#294=FACE_OUTER_BOUND('',#491,.T.);
#295=FACE_OUTER_BOUND('',#493,.T.);
#296=FACE_OUTER_BOUND('',#494,.T.);
#297=FACE_OUTER_BOUND('',#495,.T.);
#298=FACE_OUTER_BOUND('',#496,.T.);
#299=FACE_OUTER_BOUND('',#497,.T.);
#300=FACE_OUTER_BOUND('',#498,.T.);
#301=FACE_OUTER_BOUND('',#500,.T.);
#302=FACE_OUTER_BOUND('',#502,.T.);
#303=FACE_OUTER_BOUND('',#503,.T.);
#304=FACE_OUTER_BOUND('',#504,.T.);
#305=FACE_OUTER_BOUND('',#505,.T.);
#306=FACE_OUTER_BOUND('',#506,.T.);
#307=FACE_OUTER_BOUND('',#507,.T.);
#308=FACE_OUTER_BOUND('',#509,.T.);
#309=FACE_OUTER_BOUND('',#511,.T.);
#310=FACE_OUTER_BOUND('',#512,.T.);
#311=FACE_OUTER_BOUND('',#513,.T.);
#312=FACE_OUTER_BOUND('',#514,.T.);
#313=FACE_OUTER_BOUND('',#515,.T.);
#314=FACE_OUTER_BOUND('',#516,.T.);
#315=FACE_OUTER_BOUND('',#517,.T.);
#316=FACE_OUTER_BOUND('',#518,.T.);
#317=FACE_OUTER_BOUND('',#520,.T.);
#318=FACE_OUTER_BOUND('',#521,.T.);
#319=FACE_OUTER_BOUND('',#522,.T.);
#320=FACE_OUTER_BOUND('',#523,.T.);
#321=FACE_OUTER_BOUND('',#524,.T.);
#322=FACE_OUTER_BOUND('',#525,.T.);
#323=FACE_OUTER_BOUND('',#526,.T.);
#324=FACE_OUTER_BOUND('',#527,.T.);
#325=FACE_OUTER_BOUND('',#529,.T.);
#326=FACE_OUTER_BOUND('',#530,.T.);
#327=FACE_OUTER_BOUND('',#531,.T.);
#328=FACE_OUTER_BOUND('',#532,.T.);
#329=FACE_OUTER_BOUND('',#533,.T.);
#330=FACE_OUTER_BOUND('',#534,.T.);
#331=FACE_OUTER_BOUND('',#535,.T.);
#332=FACE_OUTER_BOUND('',#536,.T.);
#333=FACE_OUTER_BOUND('',#538,.T.);
#334=FACE_OUTER_BOUND('',#539,.T.);
#335=FACE_OUTER_BOUND('',#540,.T.);
#336=FACE_OUTER_BOUND('',#541,.T.);
#337=FACE_OUTER_BOUND('',#542,.T.);
#338=FACE_OUTER_BOUND('',#543,.T.);
#339=FACE_OUTER_BOUND('',#544,.T.);
#340=FACE_OUTER_BOUND('',#545,.T.);
#341=FACE_OUTER_BOUND('',#547,.T.);
#342=FACE_OUTER_BOUND('',#548,.T.);
#343=FACE_OUTER_BOUND('',#549,.T.);
#344=FACE_OUTER_BOUND('',#550,.T.);
#345=FACE_OUTER_BOUND('',#551,.T.);
#346=FACE_OUTER_BOUND('',#552,.T.);
#347=FACE_OUTER_BOUND('',#554,.T.);
#348=FACE_OUTER_BOUND('',#556,.T.);
#349=FACE_OUTER_BOUND('',#557,.T.);
#350=FACE_OUTER_BOUND('',#558,.T.);
#351=FACE_OUTER_BOUND('',#559,.T.);
#352=FACE_OUTER_BOUND('',#560,.T.);
#353=FACE_OUTER_BOUND('',#561,.T.);
#354=FACE_OUTER_BOUND('',#563,.T.);
#355=FACE_OUTER_BOUND('',#565,.T.);
#356=FACE_OUTER_BOUND('',#566,.T.);
#357=FACE_OUTER_BOUND('',#567,.T.);
#358=FACE_OUTER_BOUND('',#568,.T.);
#359=FACE_OUTER_BOUND('',#569,.T.);
#360=FACE_OUTER_BOUND('',#570,.T.);
#361=FACE_OUTER_BOUND('',#571,.T.);
#362=FACE_OUTER_BOUND('',#572,.T.);
#363=FACE_OUTER_BOUND('',#573,.T.);
#364=FACE_OUTER_BOUND('',#574,.T.);
#365=FACE_OUTER_BOUND('',#575,.T.);
#366=FACE_OUTER_BOUND('',#576,.T.);
#367=FACE_OUTER_BOUND('',#577,.T.);
#368=FACE_OUTER_BOUND('',#578,.T.);
#369=FACE_OUTER_BOUND('',#579,.T.);
#370=FACE_OUTER_BOUND('',#580,.T.);
#371=FACE_OUTER_BOUND('',#581,.T.);
#372=FACE_OUTER_BOUND('',#582,.T.);
#373=FACE_OUTER_BOUND('',#583,.T.);
#374=FACE_OUTER_BOUND('',#584,.T.);
#375=FACE_OUTER_BOUND('',#585,.T.);
#376=FACE_OUTER_BOUND('',#586,.T.);
#377=FACE_OUTER_BOUND('',#587,.T.);
#378=FACE_OUTER_BOUND('',#588,.T.);
#379=FACE_OUTER_BOUND('',#589,.T.);
#380=FACE_OUTER_BOUND('',#596,.T.);
#381=FACE_OUTER_BOUND('',#603,.T.);
#382=FACE_OUTER_BOUND('',#604,.T.);
#383=FACE_OUTER_BOUND('',#605,.T.);
#384=FACE_OUTER_BOUND('',#608,.T.);
#385=FACE_OUTER_BOUND('',#609,.T.);
#386=FACE_OUTER_BOUND('',#610,.T.);
#387=FACE_OUTER_BOUND('',#611,.T.);
#388=FACE_OUTER_BOUND('',#612,.T.);
#389=FACE_OUTER_BOUND('',#615,.T.);
#390=FACE_OUTER_BOUND('',#616,.T.);
#391=FACE_OUTER_BOUND('',#617,.T.);
#392=FACE_OUTER_BOUND('',#618,.T.);
#393=FACE_OUTER_BOUND('',#619,.T.);
#394=FACE_OUTER_BOUND('',#620,.T.);
#395=FACE_OUTER_BOUND('',#621,.T.);
#396=FACE_OUTER_BOUND('',#622,.T.);
#397=FACE_OUTER_BOUND('',#623,.T.);
#398=FACE_OUTER_BOUND('',#624,.T.);
#399=FACE_OUTER_BOUND('',#625,.T.);
#400=FACE_OUTER_BOUND('',#626,.T.);
#401=FACE_OUTER_BOUND('',#627,.T.);
#402=FACE_OUTER_BOUND('',#628,.T.);
#403=FACE_OUTER_BOUND('',#629,.T.);
#404=FACE_OUTER_BOUND('',#630,.T.);
#405=FACE_OUTER_BOUND('',#631,.T.);
#406=FACE_OUTER_BOUND('',#632,.T.);
#407=FACE_OUTER_BOUND('',#633,.T.);
#408=FACE_OUTER_BOUND('',#634,.T.);
#409=FACE_OUTER_BOUND('',#635,.T.);
#410=FACE_OUTER_BOUND('',#636,.T.);
#411=FACE_OUTER_BOUND('',#637,.T.);
#412=FACE_OUTER_BOUND('',#638,.T.);
#413=FACE_OUTER_BOUND('',#639,.T.);
#414=FACE_OUTER_BOUND('',#640,.T.);
#415=EDGE_LOOP('',(#2081,#2082,#2083,#2084));
#416=EDGE_LOOP('',(#2085,#2086,#2087,#2088));
#417=EDGE_LOOP('',(#2089,#2090,#2091,#2092,#2093,#2094));
#418=EDGE_LOOP('',(#2095,#2096,#2097,#2098));
#419=EDGE_LOOP('',(#2099,#2100,#2101,#2102,#2103,#2104,#2105,#2106));
#420=EDGE_LOOP('',(#2107));
#421=EDGE_LOOP('',(#2108,#2109,#2110,#2111));
#422=EDGE_LOOP('',(#2112,#2113,#2114,#2115));
#423=EDGE_LOOP('',(#2116,#2117,#2118,#2119));
#424=EDGE_LOOP('',(#2120,#2121,#2122,#2123));
#425=EDGE_LOOP('',(#2124,#2125,#2126,#2127));
#426=EDGE_LOOP('',(#2128,#2129,#2130,#2131));
#427=EDGE_LOOP('',(#2132,#2133,#2134,#2135));
#428=EDGE_LOOP('',(#2136,#2137,#2138,#2139));
#429=EDGE_LOOP('',(#2140,#2141,#2142,#2143));
#430=EDGE_LOOP('',(#2144,#2145,#2146,#2147));
#431=EDGE_LOOP('',(#2148,#2149,#2150,#2151));
#432=EDGE_LOOP('',(#2152,#2153,#2154,#2155));
#433=EDGE_LOOP('',(#2156,#2157,#2158,#2159));
#434=EDGE_LOOP('',(#2160,#2161,#2162,#2163));
#435=EDGE_LOOP('',(#2164,#2165,#2166,#2167));
#436=EDGE_LOOP('',(#2168,#2169,#2170,#2171));
#437=EDGE_LOOP('',(#2172,#2173,#2174,#2175));
#438=EDGE_LOOP('',(#2176,#2177,#2178,#2179,#2180,#2181));
#439=EDGE_LOOP('',(#2182,#2183,#2184,#2185));
#440=EDGE_LOOP('',(#2186,#2187,#2188,#2189,#2190,#2191,#2192,#2193));
#441=EDGE_LOOP('',(#2194));
#442=EDGE_LOOP('',(#2195,#2196,#2197,#2198));
#443=EDGE_LOOP('',(#2199,#2200,#2201,#2202));
#444=EDGE_LOOP('',(#2203,#2204,#2205,#2206,#2207,#2208));
#445=EDGE_LOOP('',(#2209,#2210,#2211,#2212));
#446=EDGE_LOOP('',(#2213,#2214,#2215,#2216));
#447=EDGE_LOOP('',(#2217,#2218,#2219,#2220));
#448=EDGE_LOOP('',(#2221,#2222,#2223,#2224));
#449=EDGE_LOOP('',(#2225,#2226,#2227,#2228));
#450=EDGE_LOOP('',(#2229,#2230,#2231,#2232));
#451=EDGE_LOOP('',(#2233,#2234,#2235,#2236));
#452=EDGE_LOOP('',(#2237,#2238,#2239,#2240));
#453=EDGE_LOOP('',(#2241,#2242,#2243,#2244));
#454=EDGE_LOOP('',(#2245,#2246,#2247,#2248));
#455=EDGE_LOOP('',(#2249,#2250,#2251,#2252));
#456=EDGE_LOOP('',(#2253,#2254,#2255,#2256));
#457=EDGE_LOOP('',(#2257,#2258,#2259,#2260));
#458=EDGE_LOOP('',(#2261,#2262,#2263,#2264));
#459=EDGE_LOOP('',(#2265,#2266,#2267,#2268));
#460=EDGE_LOOP('',(#2269,#2270,#2271,#2272,#2273,#2274));
#461=EDGE_LOOP('',(#2275,#2276,#2277,#2278));
#462=EDGE_LOOP('',(#2279,#2280,#2281,#2282));
#463=EDGE_LOOP('',(#2283,#2284,#2285,#2286,#2287));
#464=EDGE_LOOP('',(#2288,#2289,#2290,#2291));
#465=EDGE_LOOP('',(#2292,#2293,#2294,#2295));
#466=EDGE_LOOP('',(#2296,#2297,#2298,#2299));
#467=EDGE_LOOP('',(#2300,#2301,#2302,#2303,#2304));
#468=EDGE_LOOP('',(#2305,#2306,#2307,#2308));
#469=EDGE_LOOP('',(#2309,#2310,#2311,#2312));
#470=EDGE_LOOP('',(#2313));
#471=EDGE_LOOP('',(#2314));
#472=EDGE_LOOP('',(#2315,#2316,#2317,#2318));
#473=EDGE_LOOP('',(#2319));
#474=EDGE_LOOP('',(#2320));
#475=EDGE_LOOP('',(#2321,#2322,#2323,#2324));
#476=EDGE_LOOP('',(#2325,#2326,#2327,#2328));
#477=EDGE_LOOP('',(#2329,#2330,#2331,#2332));
#478=EDGE_LOOP('',(#2333,#2334,#2335,#2336));
#479=EDGE_LOOP('',(#2337,#2338,#2339,#2340));
#480=EDGE_LOOP('',(#2341,#2342,#2343,#2344));
#481=EDGE_LOOP('',(#2345));
#482=EDGE_LOOP('',(#2346,#2347,#2348,#2349));
#483=EDGE_LOOP('',(#2350));
#484=EDGE_LOOP('',(#2351,#2352,#2353,#2354));
#485=EDGE_LOOP('',(#2355,#2356,#2357,#2358));
#486=EDGE_LOOP('',(#2359,#2360,#2361,#2362));
#487=EDGE_LOOP('',(#2363,#2364,#2365,#2366));
#488=EDGE_LOOP('',(#2367,#2368,#2369,#2370));
#489=EDGE_LOOP('',(#2371,#2372,#2373,#2374));
#490=EDGE_LOOP('',(#2375));
#491=EDGE_LOOP('',(#2376,#2377,#2378,#2379));
#492=EDGE_LOOP('',(#2380));
#493=EDGE_LOOP('',(#2381,#2382,#2383,#2384));
#494=EDGE_LOOP('',(#2385,#2386,#2387,#2388));
#495=EDGE_LOOP('',(#2389,#2390,#2391,#2392));
#496=EDGE_LOOP('',(#2393,#2394,#2395,#2396));
#497=EDGE_LOOP('',(#2397,#2398,#2399,#2400));
#498=EDGE_LOOP('',(#2401,#2402,#2403,#2404));
#499=EDGE_LOOP('',(#2405));
#500=EDGE_LOOP('',(#2406,#2407,#2408,#2409));
#501=EDGE_LOOP('',(#2410));
#502=EDGE_LOOP('',(#2411,#2412,#2413,#2414));
#503=EDGE_LOOP('',(#2415,#2416,#2417,#2418));
#504=EDGE_LOOP('',(#2419,#2420,#2421,#2422));
#505=EDGE_LOOP('',(#2423,#2424,#2425,#2426));
#506=EDGE_LOOP('',(#2427,#2428,#2429,#2430));
#507=EDGE_LOOP('',(#2431,#2432,#2433,#2434));
#508=EDGE_LOOP('',(#2435));
#509=EDGE_LOOP('',(#2436,#2437,#2438,#2439));
#510=EDGE_LOOP('',(#2440));
#511=EDGE_LOOP('',(#2441,#2442,#2443,#2444));
#512=EDGE_LOOP('',(#2445));
#513=EDGE_LOOP('',(#2446,#2447,#2448,#2449));
#514=EDGE_LOOP('',(#2450,#2451,#2452,#2453));
#515=EDGE_LOOP('',(#2454,#2455,#2456,#2457));
#516=EDGE_LOOP('',(#2458,#2459,#2460,#2461));
#517=EDGE_LOOP('',(#2462,#2463,#2464,#2465));
#518=EDGE_LOOP('',(#2466,#2467,#2468,#2469));
#519=EDGE_LOOP('',(#2470));
#520=EDGE_LOOP('',(#2471,#2472,#2473,#2474));
#521=EDGE_LOOP('',(#2475));
#522=EDGE_LOOP('',(#2476,#2477,#2478,#2479));
#523=EDGE_LOOP('',(#2480,#2481,#2482,#2483));
#524=EDGE_LOOP('',(#2484,#2485,#2486,#2487));
#525=EDGE_LOOP('',(#2488,#2489,#2490,#2491));
#526=EDGE_LOOP('',(#2492,#2493,#2494,#2495));
#527=EDGE_LOOP('',(#2496,#2497,#2498,#2499));
#528=EDGE_LOOP('',(#2500));
#529=EDGE_LOOP('',(#2501,#2502,#2503,#2504));
#530=EDGE_LOOP('',(#2505));
#531=EDGE_LOOP('',(#2506,#2507,#2508,#2509));
#532=EDGE_LOOP('',(#2510,#2511,#2512,#2513));
#533=EDGE_LOOP('',(#2514,#2515,#2516,#2517));
#534=EDGE_LOOP('',(#2518,#2519,#2520,#2521));
#535=EDGE_LOOP('',(#2522,#2523,#2524,#2525));
#536=EDGE_LOOP('',(#2526,#2527,#2528,#2529));
#537=EDGE_LOOP('',(#2530));
#538=EDGE_LOOP('',(#2531,#2532,#2533,#2534));
#539=EDGE_LOOP('',(#2535));
#540=EDGE_LOOP('',(#2536,#2537,#2538,#2539));
#541=EDGE_LOOP('',(#2540,#2541,#2542,#2543));
#542=EDGE_LOOP('',(#2544,#2545,#2546,#2547));
#543=EDGE_LOOP('',(#2548,#2549,#2550,#2551));
#544=EDGE_LOOP('',(#2552,#2553,#2554,#2555));
#545=EDGE_LOOP('',(#2556,#2557,#2558,#2559));
#546=EDGE_LOOP('',(#2560));
#547=EDGE_LOOP('',(#2561,#2562,#2563,#2564));
#548=EDGE_LOOP('',(#2565,#2566,#2567,#2568));
#549=EDGE_LOOP('',(#2569,#2570,#2571,#2572));
#550=EDGE_LOOP('',(#2573,#2574,#2575,#2576));
#551=EDGE_LOOP('',(#2577,#2578,#2579,#2580));
#552=EDGE_LOOP('',(#2581,#2582,#2583,#2584));
#553=EDGE_LOOP('',(#2585));
#554=EDGE_LOOP('',(#2586,#2587,#2588,#2589));
#555=EDGE_LOOP('',(#2590));
#556=EDGE_LOOP('',(#2591,#2592,#2593,#2594));
#557=EDGE_LOOP('',(#2595,#2596,#2597,#2598));
#558=EDGE_LOOP('',(#2599,#2600,#2601,#2602));
#559=EDGE_LOOP('',(#2603,#2604,#2605,#2606));
#560=EDGE_LOOP('',(#2607,#2608,#2609,#2610));
#561=EDGE_LOOP('',(#2611,#2612,#2613,#2614));
#562=EDGE_LOOP('',(#2615));
#563=EDGE_LOOP('',(#2616,#2617,#2618,#2619));
#564=EDGE_LOOP('',(#2620));
#565=EDGE_LOOP('',(#2621,#2622,#2623,#2624));
#566=EDGE_LOOP('',(#2625,#2626,#2627,#2628));
#567=EDGE_LOOP('',(#2629,#2630,#2631,#2632));
#568=EDGE_LOOP('',(#2633,#2634,#2635,#2636));
#569=EDGE_LOOP('',(#2637,#2638,#2639,#2640));
#570=EDGE_LOOP('',(#2641,#2642,#2643,#2644));
#571=EDGE_LOOP('',(#2645,#2646,#2647,#2648));
#572=EDGE_LOOP('',(#2649,#2650,#2651,#2652));
#573=EDGE_LOOP('',(#2653,#2654,#2655,#2656));
#574=EDGE_LOOP('',(#2657,#2658,#2659,#2660));
#575=EDGE_LOOP('',(#2661,#2662,#2663,#2664));
#576=EDGE_LOOP('',(#2665,#2666,#2667,#2668));
#577=EDGE_LOOP('',(#2669,#2670,#2671,#2672));
#578=EDGE_LOOP('',(#2673,#2674,#2675,#2676));
#579=EDGE_LOOP('',(#2677,#2678,#2679,#2680));
#580=EDGE_LOOP('',(#2681,#2682,#2683,#2684));
#581=EDGE_LOOP('',(#2685,#2686,#2687,#2688));
#582=EDGE_LOOP('',(#2689,#2690,#2691,#2692));
#583=EDGE_LOOP('',(#2693,#2694,#2695,#2696));
#584=EDGE_LOOP('',(#2697,#2698,#2699,#2700));
#585=EDGE_LOOP('',(#2701,#2702,#2703,#2704));
#586=EDGE_LOOP('',(#2705,#2706,#2707,#2708));
#587=EDGE_LOOP('',(#2709,#2710,#2711,#2712));
#588=EDGE_LOOP('',(#2713,#2714,#2715,#2716));
#589=EDGE_LOOP('',(#2717,#2718,#2719,#2720,#2721,#2722,#2723,#2724,#2725,
#2726,#2727,#2728,#2729,#2730,#2731,#2732,#2733,#2734));
#590=EDGE_LOOP('',(#2735));
#591=EDGE_LOOP('',(#2736));
#592=EDGE_LOOP('',(#2737));
#593=EDGE_LOOP('',(#2738));
#594=EDGE_LOOP('',(#2739));
#595=EDGE_LOOP('',(#2740));
#596=EDGE_LOOP('',(#2741,#2742,#2743,#2744,#2745,#2746,#2747,#2748,#2749,
#2750,#2751,#2752,#2753,#2754,#2755,#2756,#2757,#2758));
#597=EDGE_LOOP('',(#2759));
#598=EDGE_LOOP('',(#2760));
#599=EDGE_LOOP('',(#2761));
#600=EDGE_LOOP('',(#2762));
#601=EDGE_LOOP('',(#2763));
#602=EDGE_LOOP('',(#2764));
#603=EDGE_LOOP('',(#2765,#2766,#2767,#2768));
#604=EDGE_LOOP('',(#2769,#2770,#2771,#2772));
#605=EDGE_LOOP('',(#2773,#2774,#2775,#2776));
#606=EDGE_LOOP('',(#2777));
#607=EDGE_LOOP('',(#2778));
#608=EDGE_LOOP('',(#2779,#2780,#2781,#2782));
#609=EDGE_LOOP('',(#2783,#2784,#2785,#2786));
#610=EDGE_LOOP('',(#2787,#2788,#2789,#2790));
#611=EDGE_LOOP('',(#2791,#2792,#2793,#2794));
#612=EDGE_LOOP('',(#2795,#2796,#2797,#2798));
#613=EDGE_LOOP('',(#2799));
#614=EDGE_LOOP('',(#2800));
#615=EDGE_LOOP('',(#2801,#2802,#2803,#2804));
#616=EDGE_LOOP('',(#2805,#2806,#2807,#2808));
#617=EDGE_LOOP('',(#2809,#2810,#2811,#2812));
#618=EDGE_LOOP('',(#2813,#2814,#2815,#2816));
#619=EDGE_LOOP('',(#2817,#2818,#2819,#2820));
#620=EDGE_LOOP('',(#2821,#2822,#2823,#2824,#2825,#2826,#2827,#2828));
#621=EDGE_LOOP('',(#2829,#2830,#2831,#2832));
#622=EDGE_LOOP('',(#2833,#2834,#2835,#2836,#2837,#2838,#2839,#2840));
#623=EDGE_LOOP('',(#2841,#2842,#2843,#2844));
#624=EDGE_LOOP('',(#2845,#2846,#2847,#2848));
#625=EDGE_LOOP('',(#2849,#2850,#2851,#2852));
#626=EDGE_LOOP('',(#2853,#2854,#2855,#2856));
#627=EDGE_LOOP('',(#2857,#2858,#2859,#2860));
#628=EDGE_LOOP('',(#2861,#2862,#2863,#2864));
#629=EDGE_LOOP('',(#2865,#2866,#2867,#2868));
#630=EDGE_LOOP('',(#2869,#2870,#2871,#2872));
#631=EDGE_LOOP('',(#2873,#2874,#2875,#2876));
#632=EDGE_LOOP('',(#2877,#2878,#2879,#2880));
#633=EDGE_LOOP('',(#2881,#2882,#2883,#2884));
#634=EDGE_LOOP('',(#2885,#2886,#2887,#2888));
#635=EDGE_LOOP('',(#2889,#2890,#2891,#2892));
#636=EDGE_LOOP('',(#2893,#2894,#2895,#2896,#2897,#2898,#2899,#2900));
#637=EDGE_LOOP('',(#2901,#2902,#2903,#2904));
#638=EDGE_LOOP('',(#2905,#2906,#2907,#2908,#2909,#2910,#2911,#2912));
#639=EDGE_LOOP('',(#2913,#2914,#2915,#2916));
#640=EDGE_LOOP('',(#2917,#2918,#2919,#2920));
#641=LINE('',#4363,#961);
#642=LINE('',#4366,#962);
#643=LINE('',#4369,#963);
#644=LINE('',#4371,#964);
#645=LINE('',#4372,#965);
#646=LINE('',#4375,#966);
#647=LINE('',#4377,#967);
#648=LINE('',#4379,#968);
#649=LINE('',#4383,#969);
#650=LINE('',#4385,#970);
#651=LINE('',#4387,#971);
#652=LINE('',#4388,#972);
#653=LINE('',#4391,#973);
#654=LINE('',#4393,#974);
#655=LINE('',#4395,#975);
#656=LINE('',#4399,#976);
#657=LINE('',#4403,#977);
#658=LINE('',#4404,#978);
#659=LINE('',#4409,#979);
#660=LINE('',#4413,#980);
#661=LINE('',#4418,#981);
#662=LINE('',#4419,#982);
#663=LINE('',#4420,#983);
#664=LINE('',#4423,#984);
#665=LINE('',#4424,#985);
#666=LINE('',#4428,#986);
#667=LINE('',#4431,#987);
#668=LINE('',#4432,#988);
#669=LINE('',#4436,#989);
#670=LINE('',#4439,#990);
#671=LINE('',#4440,#991);
#672=LINE('',#4443,#992);
#673=LINE('',#4444,#993);
#674=LINE('',#4446,#994);
#675=LINE('',#4450,#995);
#676=LINE('',#4451,#996);
#677=LINE('',#4452,#997);
#678=LINE('',#4455,#998);
#679=LINE('',#4456,#999);
#680=LINE('',#4459,#1000);
#681=LINE('',#4460,#1001);
#682=LINE('',#4462,#1002);
#683=LINE('',#4465,#1003);
#684=LINE('',#4466,#1004);
#685=LINE('',#4469,#1005);
#686=LINE('',#4470,#1006);
#687=LINE('',#4472,#1007);
#688=LINE('',#4479,#1008);
#689=LINE('',#4482,#1009);
#690=LINE('',#4485,#1010);
#691=LINE('',#4487,#1011);
#692=LINE('',#4488,#1012);
#693=LINE('',#4491,#1013);
#694=LINE('',#4493,#1014);
#695=LINE('',#4495,#1015);
#696=LINE('',#4499,#1016);
#697=LINE('',#4501,#1017);
#698=LINE('',#4503,#1018);
#699=LINE('',#4504,#1019);
#700=LINE('',#4508,#1020);
#701=LINE('',#4512,#1021);
#702=LINE('',#4514,#1022);
#703=LINE('',#4516,#1023);
#704=LINE('',#4517,#1024);
#705=LINE('',#4520,#1025);
#706=LINE('',#4522,#1026);
#707=LINE('',#4523,#1027);
#708=LINE('',#4526,#1028);
#709=LINE('',#4528,#1029);
#710=LINE('',#4529,#1030);
#711=LINE('',#4531,#1031);
#712=LINE('',#4532,#1032);
#713=LINE('',#4535,#1033);
#714=LINE('',#4537,#1034);
#715=LINE('',#4538,#1035);
#716=LINE('',#4541,#1036);
#717=LINE('',#4542,#1037);
#718=LINE('',#4545,#1038);
#719=LINE('',#4546,#1039);
#720=LINE('',#4548,#1040);
#721=LINE('',#4551,#1041);
#722=LINE('',#4552,#1042);
#723=LINE('',#4555,#1043);
#724=LINE('',#4556,#1044);
#725=LINE('',#4558,#1045);
#726=LINE('',#4565,#1046);
#727=LINE('',#4568,#1047);
#728=LINE('',#4571,#1048);
#729=LINE('',#4573,#1049);
#730=LINE('',#4575,#1050);
#731=LINE('',#4576,#1051);
#732=LINE('',#4579,#1052);
#733=LINE('',#4580,#1053);
#734=LINE('',#4585,#1054);
#735=LINE('',#4591,#1055);
#736=LINE('',#4595,#1056);
#737=LINE('',#4597,#1057);
#738=LINE('',#4598,#1058);
#739=LINE('',#4600,#1059);
#740=LINE('',#4601,#1060);
#741=LINE('',#4608,#1061);
#742=LINE('',#4613,#1062);
#743=LINE('',#4615,#1063);
#744=LINE('',#4617,#1064);
#745=LINE('',#4618,#1065);
#746=LINE('',#4621,#1066);
#747=LINE('',#4623,#1067);
#748=LINE('',#4624,#1068);
#749=LINE('',#4630,#1069);
#750=LINE('',#4632,#1070);
#751=LINE('',#4633,#1071);
#752=LINE('',#4640,#1072);
#753=LINE('',#4645,#1073);
#754=LINE('',#4647,#1074);
#755=LINE('',#4649,#1075);
#756=LINE('',#4650,#1076);
#757=LINE('',#4653,#1077);
#758=LINE('',#4655,#1078);
#759=LINE('',#4656,#1079);
#760=LINE('',#4662,#1080);
#761=LINE('',#4664,#1081);
#762=LINE('',#4665,#1082);
#763=LINE('',#4672,#1083);
#764=LINE('',#4677,#1084);
#765=LINE('',#4679,#1085);
#766=LINE('',#4681,#1086);
#767=LINE('',#4682,#1087);
#768=LINE('',#4685,#1088);
#769=LINE('',#4687,#1089);
#770=LINE('',#4688,#1090);
#771=LINE('',#4694,#1091);
#772=LINE('',#4696,#1092);
#773=LINE('',#4697,#1093);
#774=LINE('',#4704,#1094);
#775=LINE('',#4709,#1095);
#776=LINE('',#4711,#1096);
#777=LINE('',#4713,#1097);
#778=LINE('',#4714,#1098);
#779=LINE('',#4717,#1099);
#780=LINE('',#4719,#1100);
#781=LINE('',#4720,#1101);
#782=LINE('',#4726,#1102);
#783=LINE('',#4728,#1103);
#784=LINE('',#4729,#1104);
#785=LINE('',#4736,#1105);
#786=LINE('',#4742,#1106);
#787=LINE('',#4744,#1107);
#788=LINE('',#4746,#1108);
#789=LINE('',#4747,#1109);
#790=LINE('',#4750,#1110);
#791=LINE('',#4752,#1111);
#792=LINE('',#4753,#1112);
#793=LINE('',#4759,#1113);
#794=LINE('',#4761,#1114);
#795=LINE('',#4762,#1115);
#796=LINE('',#4769,#1116);
#797=LINE('',#4775,#1117);
#798=LINE('',#4777,#1118);
#799=LINE('',#4779,#1119);
#800=LINE('',#4780,#1120);
#801=LINE('',#4783,#1121);
#802=LINE('',#4785,#1122);
#803=LINE('',#4786,#1123);
#804=LINE('',#4792,#1124);
#805=LINE('',#4794,#1125);
#806=LINE('',#4795,#1126);
#807=LINE('',#4802,#1127);
#808=LINE('',#4808,#1128);
#809=LINE('',#4810,#1129);
#810=LINE('',#4812,#1130);
#811=LINE('',#4813,#1131);
#812=LINE('',#4816,#1132);
#813=LINE('',#4818,#1133);
#814=LINE('',#4819,#1134);
#815=LINE('',#4825,#1135);
#816=LINE('',#4827,#1136);
#817=LINE('',#4828,#1137);
#818=LINE('',#4835,#1138);
#819=LINE('',#4841,#1139);
#820=LINE('',#4843,#1140);
#821=LINE('',#4845,#1141);
#822=LINE('',#4846,#1142);
#823=LINE('',#4849,#1143);
#824=LINE('',#4851,#1144);
#825=LINE('',#4852,#1145);
#826=LINE('',#4858,#1146);
#827=LINE('',#4860,#1147);
#828=LINE('',#4861,#1148);
#829=LINE('',#4868,#1149);
#830=LINE('',#4873,#1150);
#831=LINE('',#4875,#1151);
#832=LINE('',#4877,#1152);
#833=LINE('',#4878,#1153);
#834=LINE('',#4881,#1154);
#835=LINE('',#4883,#1155);
#836=LINE('',#4884,#1156);
#837=LINE('',#4887,#1157);
#838=LINE('',#4889,#1158);
#839=LINE('',#4890,#1159);
#840=LINE('',#4900,#1160);
#841=LINE('',#4905,#1161);
#842=LINE('',#4907,#1162);
#843=LINE('',#4909,#1163);
#844=LINE('',#4910,#1164);
#845=LINE('',#4913,#1165);
#846=LINE('',#4915,#1166);
#847=LINE('',#4916,#1167);
#848=LINE('',#4919,#1168);
#849=LINE('',#4921,#1169);
#850=LINE('',#4922,#1170);
#851=LINE('',#4933,#1171);
#852=LINE('',#4939,#1172);
#853=LINE('',#4945,#1173);
#854=LINE('',#4951,#1174);
#855=LINE('',#4957,#1175);
#856=LINE('',#4963,#1176);
#857=LINE('',#4970,#1177);
#858=LINE('',#4973,#1178);
#859=LINE('',#4976,#1179);
#860=LINE('',#4978,#1180);
#861=LINE('',#4979,#1181);
#862=LINE('',#4985,#1182);
#863=LINE('',#4991,#1183);
#864=LINE('',#4994,#1184);
#865=LINE('',#4996,#1185);
#866=LINE('',#4997,#1186);
#867=LINE('',#5003,#1187);
#868=LINE('',#5009,#1188);
#869=LINE('',#5012,#1189);
#870=LINE('',#5014,#1190);
#871=LINE('',#5015,#1191);
#872=LINE('',#5021,#1192);
#873=LINE('',#5024,#1193);
#874=LINE('',#5026,#1194);
#875=LINE('',#5027,#1195);
#876=LINE('',#5033,#1196);
#877=LINE('',#5036,#1197);
#878=LINE('',#5038,#1198);
#879=LINE('',#5039,#1199);
#880=LINE('',#5042,#1200);
#881=LINE('',#5044,#1201);
#882=LINE('',#5045,#1202);
#883=LINE('',#5048,#1203);
#884=LINE('',#5050,#1204);
#885=LINE('',#5051,#1205);
#886=LINE('',#5054,#1206);
#887=LINE('',#5056,#1207);
#888=LINE('',#5057,#1208);
#889=LINE('',#5060,#1209);
#890=LINE('',#5062,#1210);
#891=LINE('',#5063,#1211);
#892=LINE('',#5069,#1212);
#893=LINE('',#5071,#1213);
#894=LINE('',#5072,#1214);
#895=LINE('',#5080,#1215);
#896=LINE('',#5083,#1216);
#897=LINE('',#5086,#1217);
#898=LINE('',#5089,#1218);
#899=LINE('',#5092,#1219);
#900=LINE('',#5093,#1220);
#901=LINE('',#5101,#1221);
#902=LINE('',#5104,#1222);
#903=LINE('',#5108,#1223);
#904=LINE('',#5111,#1224);
#905=LINE('',#5118,#1225);
#906=LINE('',#5120,#1226);
#907=LINE('',#5121,#1227);
#908=LINE('',#5124,#1228);
#909=LINE('',#5127,#1229);
#910=LINE('',#5131,#1230);
#911=LINE('',#5133,#1231);
#912=LINE('',#5135,#1232);
#913=LINE('',#5136,#1233);
#914=LINE('',#5138,#1234);
#915=LINE('',#5139,#1235);
#916=LINE('',#5142,#1236);
#917=LINE('',#5144,#1237);
#918=LINE('',#5145,#1238);
#919=LINE('',#5148,#1239);
#920=LINE('',#5150,#1240);
#921=LINE('',#5151,#1241);
#922=LINE('',#5154,#1242);
#923=LINE('',#5156,#1243);
#924=LINE('',#5157,#1244);
#925=LINE('',#5159,#1245);
#926=LINE('',#5160,#1246);
#927=LINE('',#5166,#1247);
#928=LINE('',#5168,#1248);
#929=LINE('',#5170,#1249);
#930=LINE('',#5171,#1250);
#931=LINE('',#5174,#1251);
#932=LINE('',#5176,#1252);
#933=LINE('',#5177,#1253);
#934=LINE('',#5180,#1254);
#935=LINE('',#5182,#1255);
#936=LINE('',#5183,#1256);
#937=LINE('',#5185,#1257);
#938=LINE('',#5186,#1258);
#939=LINE('',#5192,#1259);
#940=LINE('',#5196,#1260);
#941=LINE('',#5197,#1261);
#942=LINE('',#5201,#1262);
#943=LINE('',#5203,#1263);
#944=LINE('',#5205,#1264);
#945=LINE('',#5206,#1265);
#946=LINE('',#5209,#1266);
#947=LINE('',#5211,#1267);
#948=LINE('',#5212,#1268);
#949=LINE('',#5214,#1269);
#950=LINE('',#5215,#1270);
#951=LINE('',#5218,#1271);
#952=LINE('',#5221,#1272);
#953=LINE('',#5224,#1273);
#954=LINE('',#5226,#1274);
#955=LINE('',#5227,#1275);
#956=LINE('',#5230,#1276);
#957=LINE('',#5232,#1277);
#958=LINE('',#5233,#1278);
#959=LINE('',#5235,#1279);
#960=LINE('',#5236,#1280);
#961=VECTOR('',#3474,10.);
#962=VECTOR('',#3477,10.);
#963=VECTOR('',#3480,10.);
#964=VECTOR('',#3481,10.);
#965=VECTOR('',#3482,10.);
#966=VECTOR('',#3485,10.);
#967=VECTOR('',#3486,10.);
#968=VECTOR('',#3487,10.);
#969=VECTOR('',#3490,10.);
#970=VECTOR('',#3491,10.);
#971=VECTOR('',#3492,10.);
#972=VECTOR('',#3493,10.);
#973=VECTOR('',#3494,10.);
#974=VECTOR('',#3495,10.);
#975=VECTOR('',#3496,10.);
#976=VECTOR('',#3499,10.);
#977=VECTOR('',#3502,10.);
#978=VECTOR('',#3503,10.);
#979=VECTOR('',#3508,10.);
#980=VECTOR('',#3513,2.95000000000002);
#981=VECTOR('',#3518,10.);
#982=VECTOR('',#3519,10.);
#983=VECTOR('',#3520,10.);
#984=VECTOR('',#3523,10.);
#985=VECTOR('',#3524,10.);
#986=VECTOR('',#3529,10.);
#987=VECTOR('',#3532,10.);
#988=VECTOR('',#3533,10.);
#989=VECTOR('',#3538,10.);
#990=VECTOR('',#3541,10.);
#991=VECTOR('',#3542,10.);
#992=VECTOR('',#3545,10.);
#993=VECTOR('',#3546,10.);
#994=VECTOR('',#3549,10.);
#995=VECTOR('',#3552,10.);
#996=VECTOR('',#3553,10.);
#997=VECTOR('',#3554,10.);
#998=VECTOR('',#3557,10.);
#999=VECTOR('',#3558,10.);
#1000=VECTOR('',#3561,10.);
#1001=VECTOR('',#3562,10.);
#1002=VECTOR('',#3565,10.);
#1003=VECTOR('',#3568,10.);
#1004=VECTOR('',#3569,10.);
#1005=VECTOR('',#3572,10.);
#1006=VECTOR('',#3573,10.);
#1007=VECTOR('',#3576,10.);
#1008=VECTOR('',#3583,10.);
#1009=VECTOR('',#3586,10.);
#1010=VECTOR('',#3589,10.);
#1011=VECTOR('',#3590,10.);
#1012=VECTOR('',#3591,10.);
#1013=VECTOR('',#3594,10.);
#1014=VECTOR('',#3595,10.);
#1015=VECTOR('',#3596,10.);
#1016=VECTOR('',#3599,10.);
#1017=VECTOR('',#3600,10.);
#1018=VECTOR('',#3601,10.);
#1019=VECTOR('',#3602,10.);
#1020=VECTOR('',#3607,10.);
#1021=VECTOR('',#3610,10.);
#1022=VECTOR('',#3611,10.);
#1023=VECTOR('',#3612,10.);
#1024=VECTOR('',#3613,10.);
#1025=VECTOR('',#3616,10.);
#1026=VECTOR('',#3617,10.);
#1027=VECTOR('',#3618,10.);
#1028=VECTOR('',#3621,10.);
#1029=VECTOR('',#3622,10.);
#1030=VECTOR('',#3623,10.);
#1031=VECTOR('',#3626,10.);
#1032=VECTOR('',#3627,10.);
#1033=VECTOR('',#3630,10.);
#1034=VECTOR('',#3631,10.);
#1035=VECTOR('',#3632,10.);
#1036=VECTOR('',#3635,10.);
#1037=VECTOR('',#3636,10.);
#1038=VECTOR('',#3639,10.);
#1039=VECTOR('',#3640,10.);
#1040=VECTOR('',#3643,10.);
#1041=VECTOR('',#3646,10.);
#1042=VECTOR('',#3647,10.);
#1043=VECTOR('',#3650,10.);
#1044=VECTOR('',#3651,10.);
#1045=VECTOR('',#3654,10.);
#1046=VECTOR('',#3661,10.);
#1047=VECTOR('',#3664,10.);
#1048=VECTOR('',#3667,10.);
#1049=VECTOR('',#3668,10.);
#1050=VECTOR('',#3669,10.);
#1051=VECTOR('',#3670,10.);
#1052=VECTOR('',#3673,10.);
#1053=VECTOR('',#3674,10.);
#1054=VECTOR('',#3679,1.90000000000001);
#1055=VECTOR('',#3686,1.90000000000001);
#1056=VECTOR('',#3691,10.);
#1057=VECTOR('',#3692,10.);
#1058=VECTOR('',#3693,10.);
#1059=VECTOR('',#3696,10.);
#1060=VECTOR('',#3697,10.);
#1061=VECTOR('',#3706,2.25000000000001);
#1062=VECTOR('',#3711,10.);
#1063=VECTOR('',#3712,10.);
#1064=VECTOR('',#3713,10.);
#1065=VECTOR('',#3714,10.);
#1066=VECTOR('',#3717,10.);
#1067=VECTOR('',#3718,10.);
#1068=VECTOR('',#3719,10.);
#1069=VECTOR('',#3726,10.);
#1070=VECTOR('',#3729,10.);
#1071=VECTOR('',#3730,10.);
#1072=VECTOR('',#3739,2.25000000000001);
#1073=VECTOR('',#3744,10.);
#1074=VECTOR('',#3745,10.);
#1075=VECTOR('',#3746,10.);
#1076=VECTOR('',#3747,10.);
#1077=VECTOR('',#3750,10.);
#1078=VECTOR('',#3751,10.);
#1079=VECTOR('',#3752,10.);
#1080=VECTOR('',#3759,10.);
#1081=VECTOR('',#3762,10.);
#1082=VECTOR('',#3763,10.);
#1083=VECTOR('',#3772,2.25000000000001);
#1084=VECTOR('',#3777,10.);
#1085=VECTOR('',#3778,10.);
#1086=VECTOR('',#3779,10.);
#1087=VECTOR('',#3780,10.);
#1088=VECTOR('',#3783,10.);
#1089=VECTOR('',#3784,10.);
#1090=VECTOR('',#3785,10.);
#1091=VECTOR('',#3792,10.);
#1092=VECTOR('',#3795,10.);
#1093=VECTOR('',#3796,10.);
#1094=VECTOR('',#3805,2.25000000000001);
#1095=VECTOR('',#3810,10.);
#1096=VECTOR('',#3811,10.);
#1097=VECTOR('',#3812,10.);
#1098=VECTOR('',#3813,10.);
#1099=VECTOR('',#3816,10.);
#1100=VECTOR('',#3817,10.);
#1101=VECTOR('',#3818,10.);
#1102=VECTOR('',#3825,10.);
#1103=VECTOR('',#3828,10.);
#1104=VECTOR('',#3829,10.);
#1105=VECTOR('',#3838,1.99999999999999);
#1106=VECTOR('',#3845,10.);
#1107=VECTOR('',#3846,10.);
#1108=VECTOR('',#3847,10.);
#1109=VECTOR('',#3848,10.);
#1110=VECTOR('',#3851,10.);
#1111=VECTOR('',#3852,10.);
#1112=VECTOR('',#3853,10.);
#1113=VECTOR('',#3860,10.);
#1114=VECTOR('',#3863,10.);
#1115=VECTOR('',#3864,10.);
#1116=VECTOR('',#3873,1.99999999999999);
#1117=VECTOR('',#3880,10.);
#1118=VECTOR('',#3881,10.);
#1119=VECTOR('',#3882,10.);
#1120=VECTOR('',#3883,10.);
#1121=VECTOR('',#3886,10.);
#1122=VECTOR('',#3887,10.);
#1123=VECTOR('',#3888,10.);
#1124=VECTOR('',#3895,10.);
#1125=VECTOR('',#3898,10.);
#1126=VECTOR('',#3899,10.);
#1127=VECTOR('',#3908,1.99999999999999);
#1128=VECTOR('',#3915,10.);
#1129=VECTOR('',#3916,10.);
#1130=VECTOR('',#3917,10.);
#1131=VECTOR('',#3918,10.);
#1132=VECTOR('',#3921,10.);
#1133=VECTOR('',#3922,10.);
#1134=VECTOR('',#3923,10.);
#1135=VECTOR('',#3930,10.);
#1136=VECTOR('',#3933,10.);
#1137=VECTOR('',#3934,10.);
#1138=VECTOR('',#3943,1.99999999999999);
#1139=VECTOR('',#3950,10.);
#1140=VECTOR('',#3951,10.);
#1141=VECTOR('',#3952,10.);
#1142=VECTOR('',#3953,10.);
#1143=VECTOR('',#3956,10.);
#1144=VECTOR('',#3957,10.);
#1145=VECTOR('',#3958,10.);
#1146=VECTOR('',#3965,10.);
#1147=VECTOR('',#3968,10.);
#1148=VECTOR('',#3969,10.);
#1149=VECTOR('',#3978,13.6);
#1150=VECTOR('',#3983,10.);
#1151=VECTOR('',#3984,10.);
#1152=VECTOR('',#3985,10.);
#1153=VECTOR('',#3986,10.);
#1154=VECTOR('',#3989,10.);
#1155=VECTOR('',#3990,10.);
#1156=VECTOR('',#3991,10.);
#1157=VECTOR('',#3994,10.);
#1158=VECTOR('',#3995,10.);
#1159=VECTOR('',#3996,10.);
#1160=VECTOR('',#4011,13.6);
#1161=VECTOR('',#4016,10.);
#1162=VECTOR('',#4017,10.);
#1163=VECTOR('',#4018,10.);
#1164=VECTOR('',#4019,10.);
#1165=VECTOR('',#4022,10.);
#1166=VECTOR('',#4023,10.);
#1167=VECTOR('',#4024,10.);
#1168=VECTOR('',#4027,10.);
#1169=VECTOR('',#4028,10.);
#1170=VECTOR('',#4029,10.);
#1171=VECTOR('',#4046,1.90000000000001);
#1172=VECTOR('',#4053,17.55);
#1173=VECTOR('',#4060,1.9);
#1174=VECTOR('',#4067,17.55);
#1175=VECTOR('',#4074,1.89999999999998);
#1176=VECTOR('',#4081,1.90000000000001);
#1177=VECTOR('',#4088,10.);
#1178=VECTOR('',#4091,10.);
#1179=VECTOR('',#4094,10.);
#1180=VECTOR('',#4095,10.);
#1181=VECTOR('',#4096,10.);
#1182=VECTOR('',#4103,10.);
#1183=VECTOR('',#4110,10.);
#1184=VECTOR('',#4113,10.);
#1185=VECTOR('',#4114,10.);
#1186=VECTOR('',#4115,10.);
#1187=VECTOR('',#4122,10.);
#1188=VECTOR('',#4129,10.);
#1189=VECTOR('',#4132,10.);
#1190=VECTOR('',#4133,10.);
#1191=VECTOR('',#4134,10.);
#1192=VECTOR('',#4141,10.);
#1193=VECTOR('',#4144,10.);
#1194=VECTOR('',#4145,10.);
#1195=VECTOR('',#4146,10.);
#1196=VECTOR('',#4153,10.);
#1197=VECTOR('',#4156,10.);
#1198=VECTOR('',#4157,10.);
#1199=VECTOR('',#4158,10.);
#1200=VECTOR('',#4161,10.);
#1201=VECTOR('',#4162,10.);
#1202=VECTOR('',#4163,10.);
#1203=VECTOR('',#4166,10.);
#1204=VECTOR('',#4167,10.);
#1205=VECTOR('',#4168,10.);
#1206=VECTOR('',#4171,10.);
#1207=VECTOR('',#4172,10.);
#1208=VECTOR('',#4173,10.);
#1209=VECTOR('',#4176,10.);
#1210=VECTOR('',#4177,10.);
#1211=VECTOR('',#4178,10.);
#1212=VECTOR('',#4185,10.);
#1213=VECTOR('',#4188,10.);
#1214=VECTOR('',#4189,10.);
#1215=VECTOR('',#4198,10.);
#1216=VECTOR('',#4201,10.);
#1217=VECTOR('',#4204,10.);
#1218=VECTOR('',#4207,10.);
#1219=VECTOR('',#4210,10.);
#1220=VECTOR('',#4211,10.);
#1221=VECTOR('',#4220,10.);
#1222=VECTOR('',#4223,1.90000000000001);
#1223=VECTOR('',#4228,1.90000000000001);
#1224=VECTOR('',#4233,10.);
#1225=VECTOR('',#4240,10.);
#1226=VECTOR('',#4241,10.);
#1227=VECTOR('',#4242,10.);
#1228=VECTOR('',#4245,10.);
#1229=VECTOR('',#4248,10.);
#1230=VECTOR('',#4251,10.);
#1231=VECTOR('',#4252,10.);
#1232=VECTOR('',#4253,10.);
#1233=VECTOR('',#4254,10.);
#1234=VECTOR('',#4257,10.);
#1235=VECTOR('',#4258,10.);
#1236=VECTOR('',#4261,10.);
#1237=VECTOR('',#4262,10.);
#1238=VECTOR('',#4263,10.);
#1239=VECTOR('',#4266,10.);
#1240=VECTOR('',#4267,10.);
#1241=VECTOR('',#4268,10.);
#1242=VECTOR('',#4271,10.);
#1243=VECTOR('',#4272,10.);
#1244=VECTOR('',#4273,10.);
#1245=VECTOR('',#4276,10.);
#1246=VECTOR('',#4277,10.);
#1247=VECTOR('',#4284,10.);
#1248=VECTOR('',#4285,10.);
#1249=VECTOR('',#4286,10.);
#1250=VECTOR('',#4287,10.);
#1251=VECTOR('',#4290,10.);
#1252=VECTOR('',#4291,10.);
#1253=VECTOR('',#4292,10.);
#1254=VECTOR('',#4295,10.);
#1255=VECTOR('',#4296,10.);
#1256=VECTOR('',#4297,10.);
#1257=VECTOR('',#4300,10.);
#1258=VECTOR('',#4301,10.);
#1259=VECTOR('',#4308,10.);
#1260=VECTOR('',#4311,10.);
#1261=VECTOR('',#4312,10.);
#1262=VECTOR('',#4315,10.);
#1263=VECTOR('',#4316,10.);
#1264=VECTOR('',#4317,10.);
#1265=VECTOR('',#4318,10.);
#1266=VECTOR('',#4321,10.);
#1267=VECTOR('',#4322,10.);
#1268=VECTOR('',#4323,10.);
#1269=VECTOR('',#4326,10.);
#1270=VECTOR('',#4327,10.);
#1271=VECTOR('',#4330,10.);
#1272=VECTOR('',#4333,10.);
#1273=VECTOR('',#4336,10.);
#1274=VECTOR('',#4337,10.);
#1275=VECTOR('',#4338,10.);
#1276=VECTOR('',#4341,10.);
#1277=VECTOR('',#4342,10.);
#1278=VECTOR('',#4343,10.);
#1279=VECTOR('',#4346,10.);
#1280=VECTOR('',#4347,10.);
#1281=CIRCLE('',#3184,2.5);
#1282=CIRCLE('',#3185,2.5);
#1283=CIRCLE('',#3188,2.5);
#1284=CIRCLE('',#3189,0.549999999999997);
#1285=CIRCLE('',#3190,0.549999999999997);
#1286=CIRCLE('',#3191,2.95000000000002);
#1287=CIRCLE('',#3193,2.5);
#1288=CIRCLE('',#3195,2.95000000000002);
#1289=CIRCLE('',#3199,0.549999999999997);
#1290=CIRCLE('',#3202,0.549999999999997);
#1291=CIRCLE('',#3215,2.5);
#1292=CIRCLE('',#3216,2.5);
#1293=CIRCLE('',#3219,2.5);
#1294=CIRCLE('',#3221,2.5);
#1295=CIRCLE('',#3235,2.5);
#1296=CIRCLE('',#3236,2.5);
#1297=CIRCLE('',#3240,1.90000000000001);
#1298=CIRCLE('',#3241,1.90000000000001);
#1299=CIRCLE('',#3243,1.90000000000001);
#1300=CIRCLE('',#3244,1.90000000000001);
#1301=CIRCLE('',#3250,2.25000000000001);
#1302=CIRCLE('',#3251,2.25000000000001);
#1303=CIRCLE('',#3255,2.5);
#1304=CIRCLE('',#3256,2.5);
#1305=CIRCLE('',#3261,2.25000000000001);
#1306=CIRCLE('',#3262,2.25000000000001);
#1307=CIRCLE('',#3266,2.5);
#1308=CIRCLE('',#3267,2.5);
#1309=CIRCLE('',#3272,2.25000000000001);
#1310=CIRCLE('',#3273,2.25000000000001);
#1311=CIRCLE('',#3277,2.5);
#1312=CIRCLE('',#3278,2.5);
#1313=CIRCLE('',#3283,2.25000000000001);
#1314=CIRCLE('',#3284,2.25000000000001);
#1315=CIRCLE('',#3288,2.5);
#1316=CIRCLE('',#3289,2.5);
#1317=CIRCLE('',#3294,1.99999999999999);
#1318=CIRCLE('',#3295,1.99999999999999);
#1319=CIRCLE('',#3300,2.5);
#1320=CIRCLE('',#3301,2.5);
#1321=CIRCLE('',#3306,1.99999999999999);
#1322=CIRCLE('',#3307,1.99999999999999);
#1323=CIRCLE('',#3312,2.5);
#1324=CIRCLE('',#3313,2.5);
#1325=CIRCLE('',#3318,1.99999999999999);
#1326=CIRCLE('',#3319,1.99999999999999);
#1327=CIRCLE('',#3324,2.5);
#1328=CIRCLE('',#3325,2.5);
#1329=CIRCLE('',#3330,1.99999999999999);
#1330=CIRCLE('',#3331,1.99999999999999);
#1331=CIRCLE('',#3336,2.5);
#1332=CIRCLE('',#3337,2.5);
#1333=CIRCLE('',#3342,13.6);
#1334=CIRCLE('',#3343,13.6);
#1335=CIRCLE('',#3348,14.5);
#1336=CIRCLE('',#3349,14.5);
#1337=CIRCLE('',#3353,13.6);
#1338=CIRCLE('',#3354,13.6);
#1339=CIRCLE('',#3359,14.5);
#1340=CIRCLE('',#3360,14.5);
#1341=CIRCLE('',#3365,1.90000000000001);
#1342=CIRCLE('',#3366,1.90000000000001);
#1343=CIRCLE('',#3368,17.55);
#1344=CIRCLE('',#3369,17.55);
#1345=CIRCLE('',#3371,1.9);
#1346=CIRCLE('',#3372,1.9);
#1347=CIRCLE('',#3374,17.55);
#1348=CIRCLE('',#3375,17.55);
#1349=CIRCLE('',#3377,1.89999999999998);
#1350=CIRCLE('',#3378,1.89999999999998);
#1351=CIRCLE('',#3380,1.90000000000001);
#1352=CIRCLE('',#3381,1.90000000000001);
#1353=CIRCLE('',#3383,18.);
#1354=CIRCLE('',#3384,18.);
#1355=CIRCLE('',#3387,18.);
#1356=CIRCLE('',#3388,18.);
#1357=CIRCLE('',#3390,3.5);
#1358=CIRCLE('',#3391,3.5);
#1359=CIRCLE('',#3394,3.50000000000001);
#1360=CIRCLE('',#3395,3.50000000000001);
#1361=CIRCLE('',#3397,18.);
#1362=CIRCLE('',#3398,18.);
#1363=CIRCLE('',#3401,18.);
#1364=CIRCLE('',#3402,18.);
#1365=CIRCLE('',#3405,18.);
#1366=CIRCLE('',#3406,18.);
#1367=CIRCLE('',#3413,18.);
#1368=CIRCLE('',#3414,18.);
#1369=CIRCLE('',#3419,2.);
#1370=CIRCLE('',#3420,2.);
#1371=CIRCLE('',#3422,2.);
#1372=CIRCLE('',#3424,1.90000000000001);
#1373=CIRCLE('',#3425,1.90000000000001);
#1374=CIRCLE('',#3427,2.);
#1375=CIRCLE('',#3429,1.90000000000001);
#1376=CIRCLE('',#3431,1.90000000000001);
#1377=CIRCLE('',#3435,3.49999999999998);
#1378=CIRCLE('',#3437,3.49999999999998);
#1379=CIRCLE('',#3453,3.50000000000001);
#1380=CIRCLE('',#3458,3.50000000000001);
#1381=VERTEX_POINT('',#4359);
#1382=VERTEX_POINT('',#4360);
#1383=VERTEX_POINT('',#4362);
#1384=VERTEX_POINT('',#4364);
#1385=VERTEX_POINT('',#4368);
#1386=VERTEX_POINT('',#4370);
#1387=VERTEX_POINT('',#4374);
#1388=VERTEX_POINT('',#4376);
#1389=VERTEX_POINT('',#4378);
#1390=VERTEX_POINT('',#4381);
#1391=VERTEX_POINT('',#4382);
#1392=VERTEX_POINT('',#4384);
#1393=VERTEX_POINT('',#4386);
#1394=VERTEX_POINT('',#4389);
#1395=VERTEX_POINT('',#4390);
#1396=VERTEX_POINT('',#4392);
#1397=VERTEX_POINT('',#4394);
#1398=VERTEX_POINT('',#4396);
#1399=VERTEX_POINT('',#4398);
#1400=VERTEX_POINT('',#4400);
#1401=VERTEX_POINT('',#4402);
#1402=VERTEX_POINT('',#4405);
#1403=VERTEX_POINT('',#4408);
#1404=VERTEX_POINT('',#4412);
#1405=VERTEX_POINT('',#4416);
#1406=VERTEX_POINT('',#4417);
#1407=VERTEX_POINT('',#4422);
#1408=VERTEX_POINT('',#4426);
#1409=VERTEX_POINT('',#4430);
#1410=VERTEX_POINT('',#4434);
#1411=VERTEX_POINT('',#4438);
#1412=VERTEX_POINT('',#4442);
#1413=VERTEX_POINT('',#4448);
#1414=VERTEX_POINT('',#4449);
#1415=VERTEX_POINT('',#4454);
#1416=VERTEX_POINT('',#4458);
#1417=VERTEX_POINT('',#4464);
#1418=VERTEX_POINT('',#4468);
#1419=VERTEX_POINT('',#4475);
#1420=VERTEX_POINT('',#4476);
#1421=VERTEX_POINT('',#4478);
#1422=VERTEX_POINT('',#4480);
#1423=VERTEX_POINT('',#4484);
#1424=VERTEX_POINT('',#4486);
#1425=VERTEX_POINT('',#4490);
#1426=VERTEX_POINT('',#4492);
#1427=VERTEX_POINT('',#4494);
#1428=VERTEX_POINT('',#4497);
#1429=VERTEX_POINT('',#4498);
#1430=VERTEX_POINT('',#4500);
#1431=VERTEX_POINT('',#4502);
#1432=VERTEX_POINT('',#4506);
#1433=VERTEX_POINT('',#4510);
#1434=VERTEX_POINT('',#4511);
#1435=VERTEX_POINT('',#4513);
#1436=VERTEX_POINT('',#4515);
#1437=VERTEX_POINT('',#4519);
#1438=VERTEX_POINT('',#4521);
#1439=VERTEX_POINT('',#4525);
#1440=VERTEX_POINT('',#4527);
#1441=VERTEX_POINT('',#4534);
#1442=VERTEX_POINT('',#4536);
#1443=VERTEX_POINT('',#4540);
#1444=VERTEX_POINT('',#4544);
#1445=VERTEX_POINT('',#4550);
#1446=VERTEX_POINT('',#4554);
#1447=VERTEX_POINT('',#4561);
#1448=VERTEX_POINT('',#4562);
#1449=VERTEX_POINT('',#4564);
#1450=VERTEX_POINT('',#4566);
#1451=VERTEX_POINT('',#4570);
#1452=VERTEX_POINT('',#4572);
#1453=VERTEX_POINT('',#4574);
#1454=VERTEX_POINT('',#4578);
#1455=VERTEX_POINT('',#4582);
#1456=VERTEX_POINT('',#4584);
#1457=VERTEX_POINT('',#4588);
#1458=VERTEX_POINT('',#4590);
#1459=VERTEX_POINT('',#4594);
#1460=VERTEX_POINT('',#4596);
#1461=VERTEX_POINT('',#4605);
#1462=VERTEX_POINT('',#4607);
#1463=VERTEX_POINT('',#4611);
#1464=VERTEX_POINT('',#4612);
#1465=VERTEX_POINT('',#4614);
#1466=VERTEX_POINT('',#4616);
#1467=VERTEX_POINT('',#4620);
#1468=VERTEX_POINT('',#4622);
#1469=VERTEX_POINT('',#4626);
#1470=VERTEX_POINT('',#4628);
#1471=VERTEX_POINT('',#4637);
#1472=VERTEX_POINT('',#4639);
#1473=VERTEX_POINT('',#4643);
#1474=VERTEX_POINT('',#4644);
#1475=VERTEX_POINT('',#4646);
#1476=VERTEX_POINT('',#4648);
#1477=VERTEX_POINT('',#4652);
#1478=VERTEX_POINT('',#4654);
#1479=VERTEX_POINT('',#4658);
#1480=VERTEX_POINT('',#4660);
#1481=VERTEX_POINT('',#4669);
#1482=VERTEX_POINT('',#4671);
#1483=VERTEX_POINT('',#4675);
#1484=VERTEX_POINT('',#4676);
#1485=VERTEX_POINT('',#4678);
#1486=VERTEX_POINT('',#4680);
#1487=VERTEX_POINT('',#4684);
#1488=VERTEX_POINT('',#4686);
#1489=VERTEX_POINT('',#4690);
#1490=VERTEX_POINT('',#4692);
#1491=VERTEX_POINT('',#4701);
#1492=VERTEX_POINT('',#4703);
#1493=VERTEX_POINT('',#4707);
#1494=VERTEX_POINT('',#4708);
#1495=VERTEX_POINT('',#4710);
#1496=VERTEX_POINT('',#4712);
#1497=VERTEX_POINT('',#4716);
#1498=VERTEX_POINT('',#4718);
#1499=VERTEX_POINT('',#4722);
#1500=VERTEX_POINT('',#4724);
#1501=VERTEX_POINT('',#4733);
#1502=VERTEX_POINT('',#4735);
#1503=VERTEX_POINT('',#4740);
#1504=VERTEX_POINT('',#4741);
#1505=VERTEX_POINT('',#4743);
#1506=VERTEX_POINT('',#4745);
#1507=VERTEX_POINT('',#4749);
#1508=VERTEX_POINT('',#4751);
#1509=VERTEX_POINT('',#4755);
#1510=VERTEX_POINT('',#4757);
#1511=VERTEX_POINT('',#4766);
#1512=VERTEX_POINT('',#4768);
#1513=VERTEX_POINT('',#4773);
#1514=VERTEX_POINT('',#4774);
#1515=VERTEX_POINT('',#4776);
#1516=VERTEX_POINT('',#4778);
#1517=VERTEX_POINT('',#4782);
#1518=VERTEX_POINT('',#4784);
#1519=VERTEX_POINT('',#4788);
#1520=VERTEX_POINT('',#4790);
#1521=VERTEX_POINT('',#4799);
#1522=VERTEX_POINT('',#4801);
#1523=VERTEX_POINT('',#4806);
#1524=VERTEX_POINT('',#4807);
#1525=VERTEX_POINT('',#4809);
#1526=VERTEX_POINT('',#4811);
#1527=VERTEX_POINT('',#4815);
#1528=VERTEX_POINT('',#4817);
#1529=VERTEX_POINT('',#4821);
#1530=VERTEX_POINT('',#4823);
#1531=VERTEX_POINT('',#4832);
#1532=VERTEX_POINT('',#4834);
#1533=VERTEX_POINT('',#4839);
#1534=VERTEX_POINT('',#4840);
#1535=VERTEX_POINT('',#4842);
#1536=VERTEX_POINT('',#4844);
#1537=VERTEX_POINT('',#4848);
#1538=VERTEX_POINT('',#4850);
#1539=VERTEX_POINT('',#4854);
#1540=VERTEX_POINT('',#4856);
#1541=VERTEX_POINT('',#4865);
#1542=VERTEX_POINT('',#4867);
#1543=VERTEX_POINT('',#4871);
#1544=VERTEX_POINT('',#4872);
#1545=VERTEX_POINT('',#4874);
#1546=VERTEX_POINT('',#4876);
#1547=VERTEX_POINT('',#4880);
#1548=VERTEX_POINT('',#4882);
#1549=VERTEX_POINT('',#4886);
#1550=VERTEX_POINT('',#4888);
#1551=VERTEX_POINT('',#4897);
#1552=VERTEX_POINT('',#4899);
#1553=VERTEX_POINT('',#4903);
#1554=VERTEX_POINT('',#4904);
#1555=VERTEX_POINT('',#4906);
#1556=VERTEX_POINT('',#4908);
#1557=VERTEX_POINT('',#4912);
#1558=VERTEX_POINT('',#4914);
#1559=VERTEX_POINT('',#4918);
#1560=VERTEX_POINT('',#4920);
#1561=VERTEX_POINT('',#4930);
#1562=VERTEX_POINT('',#4932);
#1563=VERTEX_POINT('',#4936);
#1564=VERTEX_POINT('',#4938);
#1565=VERTEX_POINT('',#4942);
#1566=VERTEX_POINT('',#4944);
#1567=VERTEX_POINT('',#4948);
#1568=VERTEX_POINT('',#4950);
#1569=VERTEX_POINT('',#4954);
#1570=VERTEX_POINT('',#4956);
#1571=VERTEX_POINT('',#4960);
#1572=VERTEX_POINT('',#4962);
#1573=VERTEX_POINT('',#4966);
#1574=VERTEX_POINT('',#4967);
#1575=VERTEX_POINT('',#4969);
#1576=VERTEX_POINT('',#4971);
#1577=VERTEX_POINT('',#4975);
#1578=VERTEX_POINT('',#4977);
#1579=VERTEX_POINT('',#4981);
#1580=VERTEX_POINT('',#4983);
#1581=VERTEX_POINT('',#4987);
#1582=VERTEX_POINT('',#4989);
#1583=VERTEX_POINT('',#4993);
#1584=VERTEX_POINT('',#4995);
#1585=VERTEX_POINT('',#4999);
#1586=VERTEX_POINT('',#5001);
#1587=VERTEX_POINT('',#5005);
#1588=VERTEX_POINT('',#5007);
#1589=VERTEX_POINT('',#5011);
#1590=VERTEX_POINT('',#5013);
#1591=VERTEX_POINT('',#5017);
#1592=VERTEX_POINT('',#5019);
#1593=VERTEX_POINT('',#5023);
#1594=VERTEX_POINT('',#5025);
#1595=VERTEX_POINT('',#5029);
#1596=VERTEX_POINT('',#5031);
#1597=VERTEX_POINT('',#5035);
#1598=VERTEX_POINT('',#5037);
#1599=VERTEX_POINT('',#5041);
#1600=VERTEX_POINT('',#5043);
#1601=VERTEX_POINT('',#5047);
#1602=VERTEX_POINT('',#5049);
#1603=VERTEX_POINT('',#5053);
#1604=VERTEX_POINT('',#5055);
#1605=VERTEX_POINT('',#5059);
#1606=VERTEX_POINT('',#5061);
#1607=VERTEX_POINT('',#5065);
#1608=VERTEX_POINT('',#5067);
#1609=VERTEX_POINT('',#5076);
#1610=VERTEX_POINT('',#5077);
#1611=VERTEX_POINT('',#5079);
#1612=VERTEX_POINT('',#5081);
#1613=VERTEX_POINT('',#5085);
#1614=VERTEX_POINT('',#5087);
#1615=VERTEX_POINT('',#5091);
#1616=VERTEX_POINT('',#5094);
#1617=VERTEX_POINT('',#5096);
#1618=VERTEX_POINT('',#5099);
#1619=VERTEX_POINT('',#5103);
#1620=VERTEX_POINT('',#5107);
#1621=VERTEX_POINT('',#5114);
#1622=VERTEX_POINT('',#5115);
#1623=VERTEX_POINT('',#5117);
#1624=VERTEX_POINT('',#5119);
#1625=VERTEX_POINT('',#5123);
#1626=VERTEX_POINT('',#5125);
#1627=VERTEX_POINT('',#5129);
#1628=VERTEX_POINT('',#5130);
#1629=VERTEX_POINT('',#5132);
#1630=VERTEX_POINT('',#5134);
#1631=VERTEX_POINT('',#5141);
#1632=VERTEX_POINT('',#5143);
#1633=VERTEX_POINT('',#5147);
#1634=VERTEX_POINT('',#5149);
#1635=VERTEX_POINT('',#5153);
#1636=VERTEX_POINT('',#5155);
#1637=VERTEX_POINT('',#5164);
#1638=VERTEX_POINT('',#5165);
#1639=VERTEX_POINT('',#5167);
#1640=VERTEX_POINT('',#5169);
#1641=VERTEX_POINT('',#5173);
#1642=VERTEX_POINT('',#5175);
#1643=VERTEX_POINT('',#5179);
#1644=VERTEX_POINT('',#5181);
#1645=VERTEX_POINT('',#5190);
#1646=VERTEX_POINT('',#5191);
#1647=VERTEX_POINT('',#5193);
#1648=VERTEX_POINT('',#5195);
#1649=VERTEX_POINT('',#5199);
#1650=VERTEX_POINT('',#5200);
#1651=VERTEX_POINT('',#5202);
#1652=VERTEX_POINT('',#5204);
#1653=VERTEX_POINT('',#5208);
#1654=VERTEX_POINT('',#5210);
#1655=VERTEX_POINT('',#5217);
#1656=VERTEX_POINT('',#5219);
#1657=VERTEX_POINT('',#5223);
#1658=VERTEX_POINT('',#5225);
#1659=VERTEX_POINT('',#5229);
#1660=VERTEX_POINT('',#5231);
#1661=EDGE_CURVE('',#1381,#1382,#1281,.T.);
#1662=EDGE_CURVE('',#1382,#1383,#641,.T.);
#1663=EDGE_CURVE('',#1383,#1384,#1282,.T.);
#1664=EDGE_CURVE('',#1384,#1381,#642,.T.);
#1665=EDGE_CURVE('',#1385,#1382,#643,.T.);
#1666=EDGE_CURVE('',#1386,#1385,#644,.T.);
#1667=EDGE_CURVE('',#1383,#1386,#645,.T.);
#1668=EDGE_CURVE('',#1381,#1387,#646,.T.);
#1669=EDGE_CURVE('',#1387,#1388,#647,.T.);
#1670=EDGE_CURVE('',#1388,#1389,#648,.T.);
#1671=EDGE_CURVE('',#1385,#1389,#1283,.T.);
#1672=EDGE_CURVE('',#1390,#1391,#649,.T.);
#1673=EDGE_CURVE('',#1391,#1392,#650,.T.);
#1674=EDGE_CURVE('',#1392,#1393,#651,.T.);
#1675=EDGE_CURVE('',#1393,#1390,#652,.T.);
#1676=EDGE_CURVE('',#1394,#1395,#653,.T.);
#1677=EDGE_CURVE('',#1395,#1396,#654,.T.);
#1678=EDGE_CURVE('',#1396,#1397,#655,.T.);
#1679=EDGE_CURVE('',#1397,#1398,#1284,.T.);
#1680=EDGE_CURVE('',#1398,#1399,#656,.T.);
#1681=EDGE_CURVE('',#1399,#1400,#1285,.T.);
#1682=EDGE_CURVE('',#1400,#1401,#657,.T.);
#1683=EDGE_CURVE('',#1401,#1394,#658,.T.);
#1684=EDGE_CURVE('',#1402,#1402,#1286,.T.);
#1685=EDGE_CURVE('',#1389,#1403,#659,.T.);
#1686=EDGE_CURVE('',#1403,#1386,#1287,.T.);
#1687=EDGE_CURVE('',#1402,#1404,#660,.T.);
#1688=EDGE_CURVE('',#1404,#1404,#1288,.T.);
#1689=EDGE_CURVE('',#1405,#1406,#661,.T.);
#1690=EDGE_CURVE('',#1406,#1394,#662,.T.);
#1691=EDGE_CURVE('',#1405,#1401,#663,.T.);
#1692=EDGE_CURVE('',#1407,#1405,#664,.T.);
#1693=EDGE_CURVE('',#1407,#1400,#665,.T.);
#1694=EDGE_CURVE('',#1408,#1407,#1289,.T.);
#1695=EDGE_CURVE('',#1408,#1399,#666,.T.);
#1696=EDGE_CURVE('',#1409,#1408,#667,.T.);
#1697=EDGE_CURVE('',#1409,#1398,#668,.T.);
#1698=EDGE_CURVE('',#1410,#1409,#1290,.T.);
#1699=EDGE_CURVE('',#1410,#1397,#669,.T.);
#1700=EDGE_CURVE('',#1411,#1410,#670,.T.);
#1701=EDGE_CURVE('',#1411,#1396,#671,.T.);
#1702=EDGE_CURVE('',#1412,#1411,#672,.T.);
#1703=EDGE_CURVE('',#1412,#1395,#673,.T.);
#1704=EDGE_CURVE('',#1406,#1412,#674,.T.);
#1705=EDGE_CURVE('',#1413,#1414,#675,.T.);
#1706=EDGE_CURVE('',#1414,#1390,#676,.T.);
#1707=EDGE_CURVE('',#1413,#1393,#677,.T.);
#1708=EDGE_CURVE('',#1415,#1413,#678,.T.);
#1709=EDGE_CURVE('',#1415,#1392,#679,.T.);
#1710=EDGE_CURVE('',#1416,#1415,#680,.T.);
#1711=EDGE_CURVE('',#1416,#1391,#681,.T.);
#1712=EDGE_CURVE('',#1414,#1416,#682,.T.);
#1713=EDGE_CURVE('',#1417,#1388,#683,.T.);
#1714=EDGE_CURVE('',#1403,#1417,#684,.T.);
#1715=EDGE_CURVE('',#1417,#1418,#685,.T.);
#1716=EDGE_CURVE('',#1418,#1387,#686,.T.);
#1717=EDGE_CURVE('',#1418,#1384,#687,.T.);
#1718=EDGE_CURVE('',#1419,#1420,#1291,.T.);
#1719=EDGE_CURVE('',#1420,#1421,#688,.T.);
#1720=EDGE_CURVE('',#1421,#1422,#1292,.T.);
#1721=EDGE_CURVE('',#1422,#1419,#689,.T.);
#1722=EDGE_CURVE('',#1422,#1423,#690,.T.);
#1723=EDGE_CURVE('',#1424,#1423,#691,.T.);
#1724=EDGE_CURVE('',#1419,#1424,#692,.T.);
#1725=EDGE_CURVE('',#1425,#1421,#693,.T.);
#1726=EDGE_CURVE('',#1426,#1425,#694,.T.);
#1727=EDGE_CURVE('',#1427,#1426,#695,.T.);
#1728=EDGE_CURVE('',#1423,#1427,#1293,.T.);
#1729=EDGE_CURVE('',#1428,#1429,#696,.T.);
#1730=EDGE_CURVE('',#1429,#1430,#697,.T.);
#1731=EDGE_CURVE('',#1430,#1431,#698,.T.);
#1732=EDGE_CURVE('',#1431,#1428,#699,.T.);
#1733=EDGE_CURVE('',#1432,#1424,#1294,.T.);
#1734=EDGE_CURVE('',#1427,#1432,#700,.T.);
#1735=EDGE_CURVE('',#1433,#1434,#701,.T.);
#1736=EDGE_CURVE('',#1435,#1433,#702,.T.);
#1737=EDGE_CURVE('',#1436,#1435,#703,.T.);
#1738=EDGE_CURVE('',#1436,#1434,#704,.T.);
#1739=EDGE_CURVE('',#1434,#1437,#705,.T.);
#1740=EDGE_CURVE('',#1438,#1436,#706,.T.);
#1741=EDGE_CURVE('',#1438,#1437,#707,.T.);
#1742=EDGE_CURVE('',#1437,#1439,#708,.T.);
#1743=EDGE_CURVE('',#1440,#1438,#709,.T.);
#1744=EDGE_CURVE('',#1440,#1439,#710,.T.);
#1745=EDGE_CURVE('',#1439,#1433,#711,.T.);
#1746=EDGE_CURVE('',#1435,#1440,#712,.T.);
#1747=EDGE_CURVE('',#1429,#1441,#713,.T.);
#1748=EDGE_CURVE('',#1442,#1441,#714,.T.);
#1749=EDGE_CURVE('',#1430,#1442,#715,.T.);
#1750=EDGE_CURVE('',#1443,#1442,#716,.T.);
#1751=EDGE_CURVE('',#1431,#1443,#717,.T.);
#1752=EDGE_CURVE('',#1444,#1443,#718,.T.);
#1753=EDGE_CURVE('',#1428,#1444,#719,.T.);
#1754=EDGE_CURVE('',#1441,#1444,#720,.T.);
#1755=EDGE_CURVE('',#1445,#1420,#721,.T.);
#1756=EDGE_CURVE('',#1425,#1445,#722,.T.);
#1757=EDGE_CURVE('',#1446,#1445,#723,.T.);
#1758=EDGE_CURVE('',#1426,#1446,#724,.T.);
#1759=EDGE_CURVE('',#1432,#1446,#725,.T.);
#1760=EDGE_CURVE('',#1447,#1448,#1295,.T.);
#1761=EDGE_CURVE('',#1448,#1449,#726,.T.);
#1762=EDGE_CURVE('',#1449,#1450,#1296,.T.);
#1763=EDGE_CURVE('',#1450,#1447,#727,.T.);
#1764=EDGE_CURVE('',#1451,#1447,#728,.T.);
#1765=EDGE_CURVE('',#1451,#1452,#729,.T.);
#1766=EDGE_CURVE('',#1452,#1453,#730,.T.);
#1767=EDGE_CURVE('',#1448,#1453,#731,.T.);
#1768=EDGE_CURVE('',#1454,#1450,#732,.T.);
#1769=EDGE_CURVE('',#1454,#1451,#733,.T.);
#1770=EDGE_CURVE('',#1455,#1455,#1297,.T.);
#1771=EDGE_CURVE('',#1455,#1456,#734,.T.);
#1772=EDGE_CURVE('',#1456,#1456,#1298,.T.);
#1773=EDGE_CURVE('',#1457,#1457,#1299,.T.);
#1774=EDGE_CURVE('',#1457,#1458,#735,.T.);
#1775=EDGE_CURVE('',#1458,#1458,#1300,.T.);
#1776=EDGE_CURVE('',#1459,#1449,#736,.T.);
#1777=EDGE_CURVE('',#1460,#1459,#737,.T.);
#1778=EDGE_CURVE('',#1460,#1454,#738,.T.);
#1779=EDGE_CURVE('',#1452,#1460,#739,.T.);
#1780=EDGE_CURVE('',#1453,#1459,#740,.T.);
#1781=EDGE_CURVE('',#1461,#1461,#1301,.T.);
#1782=EDGE_CURVE('',#1461,#1462,#741,.T.);
#1783=EDGE_CURVE('',#1462,#1462,#1302,.T.);
#1784=EDGE_CURVE('',#1463,#1464,#742,.T.);
#1785=EDGE_CURVE('',#1464,#1465,#743,.T.);
#1786=EDGE_CURVE('',#1466,#1465,#744,.T.);
#1787=EDGE_CURVE('',#1463,#1466,#745,.T.);
#1788=EDGE_CURVE('',#1467,#1463,#746,.T.);
#1789=EDGE_CURVE('',#1468,#1466,#747,.T.);
#1790=EDGE_CURVE('',#1467,#1468,#748,.T.);
#1791=EDGE_CURVE('',#1469,#1467,#1303,.T.);
#1792=EDGE_CURVE('',#1470,#1468,#1304,.T.);
#1793=EDGE_CURVE('',#1469,#1470,#749,.T.);
#1794=EDGE_CURVE('',#1464,#1469,#750,.T.);
#1795=EDGE_CURVE('',#1465,#1470,#751,.T.);
#1796=EDGE_CURVE('',#1471,#1471,#1305,.T.);
#1797=EDGE_CURVE('',#1471,#1472,#752,.T.);
#1798=EDGE_CURVE('',#1472,#1472,#1306,.T.);
#1799=EDGE_CURVE('',#1473,#1474,#753,.T.);
#1800=EDGE_CURVE('',#1474,#1475,#754,.T.);
#1801=EDGE_CURVE('',#1476,#1475,#755,.T.);
#1802=EDGE_CURVE('',#1473,#1476,#756,.T.);
#1803=EDGE_CURVE('',#1477,#1473,#757,.T.);
#1804=EDGE_CURVE('',#1478,#1476,#758,.T.);
#1805=EDGE_CURVE('',#1477,#1478,#759,.T.);
#1806=EDGE_CURVE('',#1479,#1477,#1307,.T.);
#1807=EDGE_CURVE('',#1480,#1478,#1308,.T.);
#1808=EDGE_CURVE('',#1479,#1480,#760,.T.);
#1809=EDGE_CURVE('',#1474,#1479,#761,.T.);
#1810=EDGE_CURVE('',#1475,#1480,#762,.T.);
#1811=EDGE_CURVE('',#1481,#1481,#1309,.T.);
#1812=EDGE_CURVE('',#1481,#1482,#763,.T.);
#1813=EDGE_CURVE('',#1482,#1482,#1310,.T.);
#1814=EDGE_CURVE('',#1483,#1484,#764,.T.);
#1815=EDGE_CURVE('',#1484,#1485,#765,.T.);
#1816=EDGE_CURVE('',#1486,#1485,#766,.T.);
#1817=EDGE_CURVE('',#1483,#1486,#767,.T.);
#1818=EDGE_CURVE('',#1487,#1483,#768,.T.);
#1819=EDGE_CURVE('',#1488,#1486,#769,.T.);
#1820=EDGE_CURVE('',#1487,#1488,#770,.T.);
#1821=EDGE_CURVE('',#1489,#1487,#1311,.T.);
#1822=EDGE_CURVE('',#1490,#1488,#1312,.T.);
#1823=EDGE_CURVE('',#1489,#1490,#771,.T.);
#1824=EDGE_CURVE('',#1484,#1489,#772,.T.);
#1825=EDGE_CURVE('',#1485,#1490,#773,.T.);
#1826=EDGE_CURVE('',#1491,#1491,#1313,.T.);
#1827=EDGE_CURVE('',#1491,#1492,#774,.T.);
#1828=EDGE_CURVE('',#1492,#1492,#1314,.T.);
#1829=EDGE_CURVE('',#1493,#1494,#775,.T.);
#1830=EDGE_CURVE('',#1494,#1495,#776,.T.);
#1831=EDGE_CURVE('',#1496,#1495,#777,.T.);
#1832=EDGE_CURVE('',#1493,#1496,#778,.T.);
#1833=EDGE_CURVE('',#1497,#1493,#779,.T.);
#1834=EDGE_CURVE('',#1498,#1496,#780,.T.);
#1835=EDGE_CURVE('',#1497,#1498,#781,.T.);
#1836=EDGE_CURVE('',#1499,#1497,#1315,.T.);
#1837=EDGE_CURVE('',#1500,#1498,#1316,.T.);
#1838=EDGE_CURVE('',#1499,#1500,#782,.T.);
#1839=EDGE_CURVE('',#1494,#1499,#783,.T.);
#1840=EDGE_CURVE('',#1495,#1500,#784,.T.);
#1841=EDGE_CURVE('',#1501,#1501,#1317,.T.);
#1842=EDGE_CURVE('',#1501,#1502,#785,.T.);
#1843=EDGE_CURVE('',#1502,#1502,#1318,.T.);
#1844=EDGE_CURVE('',#1503,#1504,#786,.T.);
#1845=EDGE_CURVE('',#1504,#1505,#787,.T.);
#1846=EDGE_CURVE('',#1506,#1505,#788,.T.);
#1847=EDGE_CURVE('',#1503,#1506,#789,.T.);
#1848=EDGE_CURVE('',#1507,#1503,#790,.T.);
#1849=EDGE_CURVE('',#1508,#1506,#791,.T.);
#1850=EDGE_CURVE('',#1507,#1508,#792,.T.);
#1851=EDGE_CURVE('',#1509,#1507,#1319,.T.);
#1852=EDGE_CURVE('',#1510,#1508,#1320,.T.);
#1853=EDGE_CURVE('',#1509,#1510,#793,.T.);
#1854=EDGE_CURVE('',#1504,#1509,#794,.T.);
#1855=EDGE_CURVE('',#1505,#1510,#795,.T.);
#1856=EDGE_CURVE('',#1511,#1511,#1321,.T.);
#1857=EDGE_CURVE('',#1511,#1512,#796,.T.);
#1858=EDGE_CURVE('',#1512,#1512,#1322,.T.);
#1859=EDGE_CURVE('',#1513,#1514,#797,.T.);
#1860=EDGE_CURVE('',#1514,#1515,#798,.T.);
#1861=EDGE_CURVE('',#1516,#1515,#799,.T.);
#1862=EDGE_CURVE('',#1513,#1516,#800,.T.);
#1863=EDGE_CURVE('',#1517,#1513,#801,.T.);
#1864=EDGE_CURVE('',#1518,#1516,#802,.T.);
#1865=EDGE_CURVE('',#1517,#1518,#803,.T.);
#1866=EDGE_CURVE('',#1519,#1517,#1323,.T.);
#1867=EDGE_CURVE('',#1520,#1518,#1324,.T.);
#1868=EDGE_CURVE('',#1519,#1520,#804,.T.);
#1869=EDGE_CURVE('',#1514,#1519,#805,.T.);
#1870=EDGE_CURVE('',#1515,#1520,#806,.T.);
#1871=EDGE_CURVE('',#1521,#1521,#1325,.T.);
#1872=EDGE_CURVE('',#1521,#1522,#807,.T.);
#1873=EDGE_CURVE('',#1522,#1522,#1326,.T.);
#1874=EDGE_CURVE('',#1523,#1524,#808,.T.);
#1875=EDGE_CURVE('',#1524,#1525,#809,.T.);
#1876=EDGE_CURVE('',#1526,#1525,#810,.T.);
#1877=EDGE_CURVE('',#1523,#1526,#811,.T.);
#1878=EDGE_CURVE('',#1527,#1523,#812,.T.);
#1879=EDGE_CURVE('',#1528,#1526,#813,.T.);
#1880=EDGE_CURVE('',#1527,#1528,#814,.T.);
#1881=EDGE_CURVE('',#1529,#1527,#1327,.T.);
#1882=EDGE_CURVE('',#1530,#1528,#1328,.T.);
#1883=EDGE_CURVE('',#1529,#1530,#815,.T.);
#1884=EDGE_CURVE('',#1524,#1529,#816,.T.);
#1885=EDGE_CURVE('',#1525,#1530,#817,.T.);
#1886=EDGE_CURVE('',#1531,#1531,#1329,.T.);
#1887=EDGE_CURVE('',#1531,#1532,#818,.T.);
#1888=EDGE_CURVE('',#1532,#1532,#1330,.T.);
#1889=EDGE_CURVE('',#1533,#1534,#819,.T.);
#1890=EDGE_CURVE('',#1534,#1535,#820,.T.);
#1891=EDGE_CURVE('',#1536,#1535,#821,.T.);
#1892=EDGE_CURVE('',#1533,#1536,#822,.T.);
#1893=EDGE_CURVE('',#1537,#1533,#823,.T.);
#1894=EDGE_CURVE('',#1538,#1536,#824,.T.);
#1895=EDGE_CURVE('',#1537,#1538,#825,.T.);
#1896=EDGE_CURVE('',#1539,#1537,#1331,.T.);
#1897=EDGE_CURVE('',#1540,#1538,#1332,.T.);
#1898=EDGE_CURVE('',#1539,#1540,#826,.T.);
#1899=EDGE_CURVE('',#1534,#1539,#827,.T.);
#1900=EDGE_CURVE('',#1535,#1540,#828,.T.);
#1901=EDGE_CURVE('',#1541,#1541,#1333,.T.);
#1902=EDGE_CURVE('',#1541,#1542,#829,.T.);
#1903=EDGE_CURVE('',#1542,#1542,#1334,.T.);
#1904=EDGE_CURVE('',#1543,#1544,#830,.T.);
#1905=EDGE_CURVE('',#1544,#1545,#831,.T.);
#1906=EDGE_CURVE('',#1546,#1545,#832,.T.);
#1907=EDGE_CURVE('',#1543,#1546,#833,.T.);
#1908=EDGE_CURVE('',#1543,#1547,#834,.T.);
#1909=EDGE_CURVE('',#1548,#1546,#835,.T.);
#1910=EDGE_CURVE('',#1547,#1548,#836,.T.);
#1911=EDGE_CURVE('',#1547,#1549,#837,.T.);
#1912=EDGE_CURVE('',#1550,#1548,#838,.T.);
#1913=EDGE_CURVE('',#1549,#1550,#839,.T.);
#1914=EDGE_CURVE('',#1544,#1549,#1335,.T.);
#1915=EDGE_CURVE('',#1545,#1550,#1336,.T.);
#1916=EDGE_CURVE('',#1551,#1551,#1337,.T.);
#1917=EDGE_CURVE('',#1551,#1552,#840,.T.);
#1918=EDGE_CURVE('',#1552,#1552,#1338,.T.);
#1919=EDGE_CURVE('',#1553,#1554,#841,.T.);
#1920=EDGE_CURVE('',#1554,#1555,#842,.T.);
#1921=EDGE_CURVE('',#1556,#1555,#843,.T.);
#1922=EDGE_CURVE('',#1553,#1556,#844,.T.);
#1923=EDGE_CURVE('',#1553,#1557,#845,.T.);
#1924=EDGE_CURVE('',#1558,#1556,#846,.T.);
#1925=EDGE_CURVE('',#1557,#1558,#847,.T.);
#1926=EDGE_CURVE('',#1557,#1559,#848,.T.);
#1927=EDGE_CURVE('',#1560,#1558,#849,.T.);
#1928=EDGE_CURVE('',#1559,#1560,#850,.T.);
#1929=EDGE_CURVE('',#1554,#1559,#1339,.T.);
#1930=EDGE_CURVE('',#1555,#1560,#1340,.T.);
#1931=EDGE_CURVE('',#1561,#1561,#1341,.T.);
#1932=EDGE_CURVE('',#1561,#1562,#851,.T.);
#1933=EDGE_CURVE('',#1562,#1562,#1342,.T.);
#1934=EDGE_CURVE('',#1563,#1563,#1343,.T.);
#1935=EDGE_CURVE('',#1563,#1564,#852,.T.);
#1936=EDGE_CURVE('',#1564,#1564,#1344,.T.);
#1937=EDGE_CURVE('',#1565,#1565,#1345,.T.);
#1938=EDGE_CURVE('',#1565,#1566,#853,.T.);
#1939=EDGE_CURVE('',#1566,#1566,#1346,.T.);
#1940=EDGE_CURVE('',#1567,#1567,#1347,.T.);
#1941=EDGE_CURVE('',#1567,#1568,#854,.T.);
#1942=EDGE_CURVE('',#1568,#1568,#1348,.T.);
#1943=EDGE_CURVE('',#1569,#1569,#1349,.T.);
#1944=EDGE_CURVE('',#1569,#1570,#855,.T.);
#1945=EDGE_CURVE('',#1570,#1570,#1350,.T.);
#1946=EDGE_CURVE('',#1571,#1571,#1351,.T.);
#1947=EDGE_CURVE('',#1571,#1572,#856,.T.);
#1948=EDGE_CURVE('',#1572,#1572,#1352,.T.);
#1949=EDGE_CURVE('',#1573,#1574,#1353,.T.);
#1950=EDGE_CURVE('',#1574,#1575,#857,.T.);
#1951=EDGE_CURVE('',#1576,#1575,#1354,.T.);
#1952=EDGE_CURVE('',#1573,#1576,#858,.T.);
#1953=EDGE_CURVE('',#1573,#1577,#859,.T.);
#1954=EDGE_CURVE('',#1578,#1576,#860,.T.);
#1955=EDGE_CURVE('',#1577,#1578,#861,.T.);
#1956=EDGE_CURVE('',#1579,#1577,#1355,.T.);
#1957=EDGE_CURVE('',#1580,#1578,#1356,.T.);
#1958=EDGE_CURVE('',#1579,#1580,#862,.T.);
#1959=EDGE_CURVE('',#1581,#1579,#1357,.T.);
#1960=EDGE_CURVE('',#1582,#1580,#1358,.T.);
#1961=EDGE_CURVE('',#1581,#1582,#863,.T.);
#1962=EDGE_CURVE('',#1581,#1583,#864,.T.);
#1963=EDGE_CURVE('',#1584,#1582,#865,.T.);
#1964=EDGE_CURVE('',#1583,#1584,#866,.T.);
#1965=EDGE_CURVE('',#1585,#1583,#1359,.T.);
#1966=EDGE_CURVE('',#1586,#1584,#1360,.T.);
#1967=EDGE_CURVE('',#1585,#1586,#867,.T.);
#1968=EDGE_CURVE('',#1587,#1585,#1361,.T.);
#1969=EDGE_CURVE('',#1588,#1586,#1362,.T.);
#1970=EDGE_CURVE('',#1587,#1588,#868,.T.);
#1971=EDGE_CURVE('',#1587,#1589,#869,.T.);
#1972=EDGE_CURVE('',#1590,#1588,#870,.T.);
#1973=EDGE_CURVE('',#1589,#1590,#871,.T.);
#1974=EDGE_CURVE('',#1591,#1589,#1363,.T.);
#1975=EDGE_CURVE('',#1592,#1590,#1364,.T.);
#1976=EDGE_CURVE('',#1591,#1592,#872,.T.);
#1977=EDGE_CURVE('',#1591,#1593,#873,.T.);
#1978=EDGE_CURVE('',#1594,#1592,#874,.T.);
#1979=EDGE_CURVE('',#1593,#1594,#875,.T.);
#1980=EDGE_CURVE('',#1595,#1593,#1365,.T.);
#1981=EDGE_CURVE('',#1596,#1594,#1366,.T.);
#1982=EDGE_CURVE('',#1595,#1596,#876,.T.);
#1983=EDGE_CURVE('',#1597,#1595,#877,.T.);
#1984=EDGE_CURVE('',#1598,#1596,#878,.T.);
#1985=EDGE_CURVE('',#1597,#1598,#879,.T.);
#1986=EDGE_CURVE('',#1599,#1597,#880,.T.);
#1987=EDGE_CURVE('',#1600,#1598,#881,.T.);
#1988=EDGE_CURVE('',#1599,#1600,#882,.T.);
#1989=EDGE_CURVE('',#1601,#1599,#883,.T.);
#1990=EDGE_CURVE('',#1602,#1600,#884,.T.);
#1991=EDGE_CURVE('',#1601,#1602,#885,.T.);
#1992=EDGE_CURVE('',#1603,#1601,#886,.T.);
#1993=EDGE_CURVE('',#1604,#1602,#887,.T.);
#1994=EDGE_CURVE('',#1603,#1604,#888,.T.);
#1995=EDGE_CURVE('',#1605,#1603,#889,.T.);
#1996=EDGE_CURVE('',#1606,#1604,#890,.T.);
#1997=EDGE_CURVE('',#1605,#1606,#891,.T.);
#1998=EDGE_CURVE('',#1607,#1605,#1367,.T.);
#1999=EDGE_CURVE('',#1608,#1606,#1368,.T.);
#2000=EDGE_CURVE('',#1607,#1608,#892,.T.);
#2001=EDGE_CURVE('',#1574,#1607,#893,.T.);
#2002=EDGE_CURVE('',#1575,#1608,#894,.T.);
#2003=EDGE_CURVE('',#1609,#1610,#1369,.T.);
#2004=EDGE_CURVE('',#1610,#1611,#895,.T.);
#2005=EDGE_CURVE('',#1611,#1612,#1370,.T.);
#2006=EDGE_CURVE('',#1609,#1612,#896,.T.);
#2007=EDGE_CURVE('',#1613,#1611,#897,.T.);
#2008=EDGE_CURVE('',#1614,#1613,#1371,.T.);
#2009=EDGE_CURVE('',#1612,#1614,#898,.T.);
#2010=EDGE_CURVE('',#1610,#1615,#899,.T.);
#2011=EDGE_CURVE('',#1613,#1615,#900,.T.);
#2012=EDGE_CURVE('',#1616,#1616,#1372,.T.);
#2013=EDGE_CURVE('',#1617,#1617,#1373,.T.);
#2014=EDGE_CURVE('',#1615,#1618,#1374,.T.);
#2015=EDGE_CURVE('',#1614,#1618,#901,.T.);
#2016=EDGE_CURVE('',#1617,#1619,#902,.T.);
#2017=EDGE_CURVE('',#1619,#1619,#1375,.T.);
#2018=EDGE_CURVE('',#1616,#1620,#903,.T.);
#2019=EDGE_CURVE('',#1620,#1620,#1376,.T.);
#2020=EDGE_CURVE('',#1618,#1609,#904,.T.);
#2021=EDGE_CURVE('',#1621,#1622,#1377,.T.);
#2022=EDGE_CURVE('',#1621,#1623,#905,.T.);
#2023=EDGE_CURVE('',#1624,#1623,#906,.T.);
#2024=EDGE_CURVE('',#1624,#1622,#907,.T.);
#2025=EDGE_CURVE('',#1622,#1625,#908,.T.);
#2026=EDGE_CURVE('',#1626,#1625,#1378,.T.);
#2027=EDGE_CURVE('',#1621,#1626,#909,.T.);
#2028=EDGE_CURVE('',#1627,#1628,#910,.T.);
#2029=EDGE_CURVE('',#1627,#1629,#911,.T.);
#2030=EDGE_CURVE('',#1630,#1629,#912,.T.);
#2031=EDGE_CURVE('',#1628,#1630,#913,.T.);
#2032=EDGE_CURVE('',#1629,#1626,#914,.T.);
#2033=EDGE_CURVE('',#1625,#1630,#915,.T.);
#2034=EDGE_CURVE('',#1623,#1631,#916,.T.);
#2035=EDGE_CURVE('',#1632,#1631,#917,.T.);
#2036=EDGE_CURVE('',#1624,#1632,#918,.T.);
#2037=EDGE_CURVE('',#1628,#1633,#919,.T.);
#2038=EDGE_CURVE('',#1634,#1632,#920,.T.);
#2039=EDGE_CURVE('',#1633,#1634,#921,.T.);
#2040=EDGE_CURVE('',#1633,#1635,#922,.T.);
#2041=EDGE_CURVE('',#1636,#1634,#923,.T.);
#2042=EDGE_CURVE('',#1635,#1636,#924,.T.);
#2043=EDGE_CURVE('',#1627,#1635,#925,.T.);
#2044=EDGE_CURVE('',#1631,#1636,#926,.T.);
#2045=EDGE_CURVE('',#1637,#1638,#927,.T.);
#2046=EDGE_CURVE('',#1638,#1639,#928,.T.);
#2047=EDGE_CURVE('',#1640,#1639,#929,.T.);
#2048=EDGE_CURVE('',#1637,#1640,#930,.T.);
#2049=EDGE_CURVE('',#1637,#1641,#931,.T.);
#2050=EDGE_CURVE('',#1642,#1640,#932,.T.);
#2051=EDGE_CURVE('',#1641,#1642,#933,.T.);
#2052=EDGE_CURVE('',#1643,#1641,#934,.T.);
#2053=EDGE_CURVE('',#1644,#1642,#935,.T.);
#2054=EDGE_CURVE('',#1643,#1644,#936,.T.);
#2055=EDGE_CURVE('',#1643,#1638,#937,.T.);
#2056=EDGE_CURVE('',#1639,#1644,#938,.T.);
#2057=EDGE_CURVE('',#1645,#1646,#939,.T.);
#2058=EDGE_CURVE('',#1647,#1646,#1379,.T.);
#2059=EDGE_CURVE('',#1647,#1648,#940,.T.);
#2060=EDGE_CURVE('',#1645,#1648,#941,.T.);
#2061=EDGE_CURVE('',#1649,#1650,#942,.T.);
#2062=EDGE_CURVE('',#1649,#1651,#943,.T.);
#2063=EDGE_CURVE('',#1652,#1651,#944,.T.);
#2064=EDGE_CURVE('',#1650,#1652,#945,.T.);
#2065=EDGE_CURVE('',#1648,#1653,#946,.T.);
#2066=EDGE_CURVE('',#1654,#1653,#947,.T.);
#2067=EDGE_CURVE('',#1645,#1654,#948,.T.);
#2068=EDGE_CURVE('',#1651,#1654,#949,.T.);
#2069=EDGE_CURVE('',#1653,#1652,#950,.T.);
#2070=EDGE_CURVE('',#1646,#1655,#951,.T.);
#2071=EDGE_CURVE('',#1656,#1655,#1380,.T.);
#2072=EDGE_CURVE('',#1647,#1656,#952,.T.);
#2073=EDGE_CURVE('',#1650,#1657,#953,.T.);
#2074=EDGE_CURVE('',#1658,#1656,#954,.T.);
#2075=EDGE_CURVE('',#1657,#1658,#955,.T.);
#2076=EDGE_CURVE('',#1657,#1659,#956,.T.);
#2077=EDGE_CURVE('',#1660,#1658,#957,.T.);
#2078=EDGE_CURVE('',#1659,#1660,#958,.T.);
#2079=EDGE_CURVE('',#1659,#1649,#959,.T.);
#2080=EDGE_CURVE('',#1655,#1660,#960,.T.);
#2081=ORIENTED_EDGE('',*,*,#1661,.T.);
#2082=ORIENTED_EDGE('',*,*,#1662,.T.);
#2083=ORIENTED_EDGE('',*,*,#1663,.T.);
#2084=ORIENTED_EDGE('',*,*,#1664,.T.);
#2085=ORIENTED_EDGE('',*,*,#1662,.F.);
#2086=ORIENTED_EDGE('',*,*,#1665,.F.);
#2087=ORIENTED_EDGE('',*,*,#1666,.F.);
#2088=ORIENTED_EDGE('',*,*,#1667,.F.);
#2089=ORIENTED_EDGE('',*,*,#1661,.F.);
#2090=ORIENTED_EDGE('',*,*,#1668,.T.);
#2091=ORIENTED_EDGE('',*,*,#1669,.T.);
#2092=ORIENTED_EDGE('',*,*,#1670,.T.);
#2093=ORIENTED_EDGE('',*,*,#1671,.F.);
#2094=ORIENTED_EDGE('',*,*,#1665,.T.);
#2095=ORIENTED_EDGE('',*,*,#1672,.T.);
#2096=ORIENTED_EDGE('',*,*,#1673,.T.);
#2097=ORIENTED_EDGE('',*,*,#1674,.T.);
#2098=ORIENTED_EDGE('',*,*,#1675,.T.);
#2099=ORIENTED_EDGE('',*,*,#1676,.T.);
#2100=ORIENTED_EDGE('',*,*,#1677,.T.);
#2101=ORIENTED_EDGE('',*,*,#1678,.T.);
#2102=ORIENTED_EDGE('',*,*,#1679,.T.);
#2103=ORIENTED_EDGE('',*,*,#1680,.T.);
#2104=ORIENTED_EDGE('',*,*,#1681,.T.);
#2105=ORIENTED_EDGE('',*,*,#1682,.T.);
#2106=ORIENTED_EDGE('',*,*,#1683,.T.);
#2107=ORIENTED_EDGE('',*,*,#1684,.T.);
#2108=ORIENTED_EDGE('',*,*,#1671,.T.);
#2109=ORIENTED_EDGE('',*,*,#1685,.T.);
#2110=ORIENTED_EDGE('',*,*,#1686,.T.);
#2111=ORIENTED_EDGE('',*,*,#1666,.T.);
#2112=ORIENTED_EDGE('',*,*,#1684,.F.);
#2113=ORIENTED_EDGE('',*,*,#1687,.T.);
#2114=ORIENTED_EDGE('',*,*,#1688,.T.);
#2115=ORIENTED_EDGE('',*,*,#1687,.F.);
#2116=ORIENTED_EDGE('',*,*,#1689,.T.);
#2117=ORIENTED_EDGE('',*,*,#1690,.T.);
#2118=ORIENTED_EDGE('',*,*,#1683,.F.);
#2119=ORIENTED_EDGE('',*,*,#1691,.F.);
#2120=ORIENTED_EDGE('',*,*,#1692,.T.);
#2121=ORIENTED_EDGE('',*,*,#1691,.T.);
#2122=ORIENTED_EDGE('',*,*,#1682,.F.);
#2123=ORIENTED_EDGE('',*,*,#1693,.F.);
#2124=ORIENTED_EDGE('',*,*,#1694,.T.);
#2125=ORIENTED_EDGE('',*,*,#1693,.T.);
#2126=ORIENTED_EDGE('',*,*,#1681,.F.);
#2127=ORIENTED_EDGE('',*,*,#1695,.F.);
#2128=ORIENTED_EDGE('',*,*,#1696,.T.);
#2129=ORIENTED_EDGE('',*,*,#1695,.T.);
#2130=ORIENTED_EDGE('',*,*,#1680,.F.);
#2131=ORIENTED_EDGE('',*,*,#1697,.F.);
#2132=ORIENTED_EDGE('',*,*,#1698,.T.);
#2133=ORIENTED_EDGE('',*,*,#1697,.T.);
#2134=ORIENTED_EDGE('',*,*,#1679,.F.);
#2135=ORIENTED_EDGE('',*,*,#1699,.F.);
#2136=ORIENTED_EDGE('',*,*,#1700,.T.);
#2137=ORIENTED_EDGE('',*,*,#1699,.T.);
#2138=ORIENTED_EDGE('',*,*,#1678,.F.);
#2139=ORIENTED_EDGE('',*,*,#1701,.F.);
#2140=ORIENTED_EDGE('',*,*,#1702,.T.);
#2141=ORIENTED_EDGE('',*,*,#1701,.T.);
#2142=ORIENTED_EDGE('',*,*,#1677,.F.);
#2143=ORIENTED_EDGE('',*,*,#1703,.F.);
#2144=ORIENTED_EDGE('',*,*,#1704,.T.);
#2145=ORIENTED_EDGE('',*,*,#1703,.T.);
#2146=ORIENTED_EDGE('',*,*,#1676,.F.);
#2147=ORIENTED_EDGE('',*,*,#1690,.F.);
#2148=ORIENTED_EDGE('',*,*,#1705,.T.);
#2149=ORIENTED_EDGE('',*,*,#1706,.T.);
#2150=ORIENTED_EDGE('',*,*,#1675,.F.);
#2151=ORIENTED_EDGE('',*,*,#1707,.F.);
#2152=ORIENTED_EDGE('',*,*,#1708,.T.);
#2153=ORIENTED_EDGE('',*,*,#1707,.T.);
#2154=ORIENTED_EDGE('',*,*,#1674,.F.);
#2155=ORIENTED_EDGE('',*,*,#1709,.F.);
#2156=ORIENTED_EDGE('',*,*,#1710,.T.);
#2157=ORIENTED_EDGE('',*,*,#1709,.T.);
#2158=ORIENTED_EDGE('',*,*,#1673,.F.);
#2159=ORIENTED_EDGE('',*,*,#1711,.F.);
#2160=ORIENTED_EDGE('',*,*,#1712,.T.);
#2161=ORIENTED_EDGE('',*,*,#1711,.T.);
#2162=ORIENTED_EDGE('',*,*,#1672,.F.);
#2163=ORIENTED_EDGE('',*,*,#1706,.F.);
#2164=ORIENTED_EDGE('',*,*,#1685,.F.);
#2165=ORIENTED_EDGE('',*,*,#1670,.F.);
#2166=ORIENTED_EDGE('',*,*,#1713,.F.);
#2167=ORIENTED_EDGE('',*,*,#1714,.F.);
#2168=ORIENTED_EDGE('',*,*,#1715,.F.);
#2169=ORIENTED_EDGE('',*,*,#1713,.T.);
#2170=ORIENTED_EDGE('',*,*,#1669,.F.);
#2171=ORIENTED_EDGE('',*,*,#1716,.F.);
#2172=ORIENTED_EDGE('',*,*,#1664,.F.);
#2173=ORIENTED_EDGE('',*,*,#1717,.F.);
#2174=ORIENTED_EDGE('',*,*,#1716,.T.);
#2175=ORIENTED_EDGE('',*,*,#1668,.F.);
#2176=ORIENTED_EDGE('',*,*,#1663,.F.);
#2177=ORIENTED_EDGE('',*,*,#1667,.T.);
#2178=ORIENTED_EDGE('',*,*,#1686,.F.);
#2179=ORIENTED_EDGE('',*,*,#1714,.T.);
#2180=ORIENTED_EDGE('',*,*,#1715,.T.);
#2181=ORIENTED_EDGE('',*,*,#1717,.T.);
#2182=ORIENTED_EDGE('',*,*,#1712,.F.);
#2183=ORIENTED_EDGE('',*,*,#1705,.F.);
#2184=ORIENTED_EDGE('',*,*,#1708,.F.);
#2185=ORIENTED_EDGE('',*,*,#1710,.F.);
#2186=ORIENTED_EDGE('',*,*,#1704,.F.);
#2187=ORIENTED_EDGE('',*,*,#1689,.F.);
#2188=ORIENTED_EDGE('',*,*,#1692,.F.);
#2189=ORIENTED_EDGE('',*,*,#1694,.F.);
#2190=ORIENTED_EDGE('',*,*,#1696,.F.);
#2191=ORIENTED_EDGE('',*,*,#1698,.F.);
#2192=ORIENTED_EDGE('',*,*,#1700,.F.);
#2193=ORIENTED_EDGE('',*,*,#1702,.F.);
#2194=ORIENTED_EDGE('',*,*,#1688,.F.);
#2195=ORIENTED_EDGE('',*,*,#1718,.T.);
#2196=ORIENTED_EDGE('',*,*,#1719,.T.);
#2197=ORIENTED_EDGE('',*,*,#1720,.T.);
#2198=ORIENTED_EDGE('',*,*,#1721,.T.);
#2199=ORIENTED_EDGE('',*,*,#1721,.F.);
#2200=ORIENTED_EDGE('',*,*,#1722,.T.);
#2201=ORIENTED_EDGE('',*,*,#1723,.F.);
#2202=ORIENTED_EDGE('',*,*,#1724,.F.);
#2203=ORIENTED_EDGE('',*,*,#1720,.F.);
#2204=ORIENTED_EDGE('',*,*,#1725,.F.);
#2205=ORIENTED_EDGE('',*,*,#1726,.F.);
#2206=ORIENTED_EDGE('',*,*,#1727,.F.);
#2207=ORIENTED_EDGE('',*,*,#1728,.F.);
#2208=ORIENTED_EDGE('',*,*,#1722,.F.);
#2209=ORIENTED_EDGE('',*,*,#1729,.T.);
#2210=ORIENTED_EDGE('',*,*,#1730,.T.);
#2211=ORIENTED_EDGE('',*,*,#1731,.T.);
#2212=ORIENTED_EDGE('',*,*,#1732,.T.);
#2213=ORIENTED_EDGE('',*,*,#1733,.T.);
#2214=ORIENTED_EDGE('',*,*,#1723,.T.);
#2215=ORIENTED_EDGE('',*,*,#1728,.T.);
#2216=ORIENTED_EDGE('',*,*,#1734,.T.);
#2217=ORIENTED_EDGE('',*,*,#1735,.F.);
#2218=ORIENTED_EDGE('',*,*,#1736,.F.);
#2219=ORIENTED_EDGE('',*,*,#1737,.F.);
#2220=ORIENTED_EDGE('',*,*,#1738,.T.);
#2221=ORIENTED_EDGE('',*,*,#1739,.F.);
#2222=ORIENTED_EDGE('',*,*,#1738,.F.);
#2223=ORIENTED_EDGE('',*,*,#1740,.F.);
#2224=ORIENTED_EDGE('',*,*,#1741,.T.);
#2225=ORIENTED_EDGE('',*,*,#1742,.F.);
#2226=ORIENTED_EDGE('',*,*,#1741,.F.);
#2227=ORIENTED_EDGE('',*,*,#1743,.F.);
#2228=ORIENTED_EDGE('',*,*,#1744,.T.);
#2229=ORIENTED_EDGE('',*,*,#1745,.F.);
#2230=ORIENTED_EDGE('',*,*,#1744,.F.);
#2231=ORIENTED_EDGE('',*,*,#1746,.F.);
#2232=ORIENTED_EDGE('',*,*,#1736,.T.);
#2233=ORIENTED_EDGE('',*,*,#1730,.F.);
#2234=ORIENTED_EDGE('',*,*,#1747,.T.);
#2235=ORIENTED_EDGE('',*,*,#1748,.F.);
#2236=ORIENTED_EDGE('',*,*,#1749,.F.);
#2237=ORIENTED_EDGE('',*,*,#1731,.F.);
#2238=ORIENTED_EDGE('',*,*,#1749,.T.);
#2239=ORIENTED_EDGE('',*,*,#1750,.F.);
#2240=ORIENTED_EDGE('',*,*,#1751,.F.);
#2241=ORIENTED_EDGE('',*,*,#1732,.F.);
#2242=ORIENTED_EDGE('',*,*,#1751,.T.);
#2243=ORIENTED_EDGE('',*,*,#1752,.F.);
#2244=ORIENTED_EDGE('',*,*,#1753,.F.);
#2245=ORIENTED_EDGE('',*,*,#1729,.F.);
#2246=ORIENTED_EDGE('',*,*,#1753,.T.);
#2247=ORIENTED_EDGE('',*,*,#1754,.F.);
#2248=ORIENTED_EDGE('',*,*,#1747,.F.);
#2249=ORIENTED_EDGE('',*,*,#1742,.T.);
#2250=ORIENTED_EDGE('',*,*,#1745,.T.);
#2251=ORIENTED_EDGE('',*,*,#1735,.T.);
#2252=ORIENTED_EDGE('',*,*,#1739,.T.);
#2253=ORIENTED_EDGE('',*,*,#1719,.F.);
#2254=ORIENTED_EDGE('',*,*,#1755,.F.);
#2255=ORIENTED_EDGE('',*,*,#1756,.F.);
#2256=ORIENTED_EDGE('',*,*,#1725,.T.);
#2257=ORIENTED_EDGE('',*,*,#1743,.T.);
#2258=ORIENTED_EDGE('',*,*,#1740,.T.);
#2259=ORIENTED_EDGE('',*,*,#1737,.T.);
#2260=ORIENTED_EDGE('',*,*,#1746,.T.);
#2261=ORIENTED_EDGE('',*,*,#1726,.T.);
#2262=ORIENTED_EDGE('',*,*,#1756,.T.);
#2263=ORIENTED_EDGE('',*,*,#1757,.F.);
#2264=ORIENTED_EDGE('',*,*,#1758,.F.);
#2265=ORIENTED_EDGE('',*,*,#1734,.F.);
#2266=ORIENTED_EDGE('',*,*,#1727,.T.);
#2267=ORIENTED_EDGE('',*,*,#1758,.T.);
#2268=ORIENTED_EDGE('',*,*,#1759,.F.);
#2269=ORIENTED_EDGE('',*,*,#1718,.F.);
#2270=ORIENTED_EDGE('',*,*,#1724,.T.);
#2271=ORIENTED_EDGE('',*,*,#1733,.F.);
#2272=ORIENTED_EDGE('',*,*,#1759,.T.);
#2273=ORIENTED_EDGE('',*,*,#1757,.T.);
#2274=ORIENTED_EDGE('',*,*,#1755,.T.);
#2275=ORIENTED_EDGE('',*,*,#1754,.T.);
#2276=ORIENTED_EDGE('',*,*,#1752,.T.);
#2277=ORIENTED_EDGE('',*,*,#1750,.T.);
#2278=ORIENTED_EDGE('',*,*,#1748,.T.);
#2279=ORIENTED_EDGE('',*,*,#1760,.T.);
#2280=ORIENTED_EDGE('',*,*,#1761,.T.);
#2281=ORIENTED_EDGE('',*,*,#1762,.T.);
#2282=ORIENTED_EDGE('',*,*,#1763,.T.);
#2283=ORIENTED_EDGE('',*,*,#1760,.F.);
#2284=ORIENTED_EDGE('',*,*,#1764,.F.);
#2285=ORIENTED_EDGE('',*,*,#1765,.T.);
#2286=ORIENTED_EDGE('',*,*,#1766,.T.);
#2287=ORIENTED_EDGE('',*,*,#1767,.F.);
#2288=ORIENTED_EDGE('',*,*,#1763,.F.);
#2289=ORIENTED_EDGE('',*,*,#1768,.F.);
#2290=ORIENTED_EDGE('',*,*,#1769,.T.);
#2291=ORIENTED_EDGE('',*,*,#1764,.T.);
#2292=ORIENTED_EDGE('',*,*,#1770,.F.);
#2293=ORIENTED_EDGE('',*,*,#1771,.T.);
#2294=ORIENTED_EDGE('',*,*,#1772,.T.);
#2295=ORIENTED_EDGE('',*,*,#1771,.F.);
#2296=ORIENTED_EDGE('',*,*,#1773,.F.);
#2297=ORIENTED_EDGE('',*,*,#1774,.T.);
#2298=ORIENTED_EDGE('',*,*,#1775,.T.);
#2299=ORIENTED_EDGE('',*,*,#1774,.F.);
#2300=ORIENTED_EDGE('',*,*,#1762,.F.);
#2301=ORIENTED_EDGE('',*,*,#1776,.F.);
#2302=ORIENTED_EDGE('',*,*,#1777,.F.);
#2303=ORIENTED_EDGE('',*,*,#1778,.T.);
#2304=ORIENTED_EDGE('',*,*,#1768,.T.);
#2305=ORIENTED_EDGE('',*,*,#1779,.T.);
#2306=ORIENTED_EDGE('',*,*,#1777,.T.);
#2307=ORIENTED_EDGE('',*,*,#1780,.F.);
#2308=ORIENTED_EDGE('',*,*,#1766,.F.);
#2309=ORIENTED_EDGE('',*,*,#1761,.F.);
#2310=ORIENTED_EDGE('',*,*,#1767,.T.);
#2311=ORIENTED_EDGE('',*,*,#1780,.T.);
#2312=ORIENTED_EDGE('',*,*,#1776,.T.);
#2313=ORIENTED_EDGE('',*,*,#1773,.T.);
#2314=ORIENTED_EDGE('',*,*,#1770,.T.);
#2315=ORIENTED_EDGE('',*,*,#1765,.F.);
#2316=ORIENTED_EDGE('',*,*,#1769,.F.);
#2317=ORIENTED_EDGE('',*,*,#1778,.F.);
#2318=ORIENTED_EDGE('',*,*,#1779,.F.);
#2319=ORIENTED_EDGE('',*,*,#1775,.F.);
#2320=ORIENTED_EDGE('',*,*,#1772,.F.);
#2321=ORIENTED_EDGE('',*,*,#1781,.F.);
#2322=ORIENTED_EDGE('',*,*,#1782,.T.);
#2323=ORIENTED_EDGE('',*,*,#1783,.T.);
#2324=ORIENTED_EDGE('',*,*,#1782,.F.);
#2325=ORIENTED_EDGE('',*,*,#1784,.T.);
#2326=ORIENTED_EDGE('',*,*,#1785,.T.);
#2327=ORIENTED_EDGE('',*,*,#1786,.F.);
#2328=ORIENTED_EDGE('',*,*,#1787,.F.);
#2329=ORIENTED_EDGE('',*,*,#1788,.T.);
#2330=ORIENTED_EDGE('',*,*,#1787,.T.);
#2331=ORIENTED_EDGE('',*,*,#1789,.F.);
#2332=ORIENTED_EDGE('',*,*,#1790,.F.);
#2333=ORIENTED_EDGE('',*,*,#1791,.T.);
#2334=ORIENTED_EDGE('',*,*,#1790,.T.);
#2335=ORIENTED_EDGE('',*,*,#1792,.F.);
#2336=ORIENTED_EDGE('',*,*,#1793,.F.);
#2337=ORIENTED_EDGE('',*,*,#1794,.T.);
#2338=ORIENTED_EDGE('',*,*,#1793,.T.);
#2339=ORIENTED_EDGE('',*,*,#1795,.F.);
#2340=ORIENTED_EDGE('',*,*,#1785,.F.);
#2341=ORIENTED_EDGE('',*,*,#1795,.T.);
#2342=ORIENTED_EDGE('',*,*,#1792,.T.);
#2343=ORIENTED_EDGE('',*,*,#1789,.T.);
#2344=ORIENTED_EDGE('',*,*,#1786,.T.);
#2345=ORIENTED_EDGE('',*,*,#1781,.T.);
#2346=ORIENTED_EDGE('',*,*,#1794,.F.);
#2347=ORIENTED_EDGE('',*,*,#1784,.F.);
#2348=ORIENTED_EDGE('',*,*,#1788,.F.);
#2349=ORIENTED_EDGE('',*,*,#1791,.F.);
#2350=ORIENTED_EDGE('',*,*,#1783,.F.);
#2351=ORIENTED_EDGE('',*,*,#1796,.F.);
#2352=ORIENTED_EDGE('',*,*,#1797,.T.);
#2353=ORIENTED_EDGE('',*,*,#1798,.T.);
#2354=ORIENTED_EDGE('',*,*,#1797,.F.);
#2355=ORIENTED_EDGE('',*,*,#1799,.T.);
#2356=ORIENTED_EDGE('',*,*,#1800,.T.);
#2357=ORIENTED_EDGE('',*,*,#1801,.F.);
#2358=ORIENTED_EDGE('',*,*,#1802,.F.);
#2359=ORIENTED_EDGE('',*,*,#1803,.T.);
#2360=ORIENTED_EDGE('',*,*,#1802,.T.);
#2361=ORIENTED_EDGE('',*,*,#1804,.F.);
#2362=ORIENTED_EDGE('',*,*,#1805,.F.);
#2363=ORIENTED_EDGE('',*,*,#1806,.T.);
#2364=ORIENTED_EDGE('',*,*,#1805,.T.);
#2365=ORIENTED_EDGE('',*,*,#1807,.F.);
#2366=ORIENTED_EDGE('',*,*,#1808,.F.);
#2367=ORIENTED_EDGE('',*,*,#1809,.T.);
#2368=ORIENTED_EDGE('',*,*,#1808,.T.);
#2369=ORIENTED_EDGE('',*,*,#1810,.F.);
#2370=ORIENTED_EDGE('',*,*,#1800,.F.);
#2371=ORIENTED_EDGE('',*,*,#1810,.T.);
#2372=ORIENTED_EDGE('',*,*,#1807,.T.);
#2373=ORIENTED_EDGE('',*,*,#1804,.T.);
#2374=ORIENTED_EDGE('',*,*,#1801,.T.);
#2375=ORIENTED_EDGE('',*,*,#1796,.T.);
#2376=ORIENTED_EDGE('',*,*,#1809,.F.);
#2377=ORIENTED_EDGE('',*,*,#1799,.F.);
#2378=ORIENTED_EDGE('',*,*,#1803,.F.);
#2379=ORIENTED_EDGE('',*,*,#1806,.F.);
#2380=ORIENTED_EDGE('',*,*,#1798,.F.);
#2381=ORIENTED_EDGE('',*,*,#1811,.F.);
#2382=ORIENTED_EDGE('',*,*,#1812,.T.);
#2383=ORIENTED_EDGE('',*,*,#1813,.T.);
#2384=ORIENTED_EDGE('',*,*,#1812,.F.);
#2385=ORIENTED_EDGE('',*,*,#1814,.T.);
#2386=ORIENTED_EDGE('',*,*,#1815,.T.);
#2387=ORIENTED_EDGE('',*,*,#1816,.F.);
#2388=ORIENTED_EDGE('',*,*,#1817,.F.);
#2389=ORIENTED_EDGE('',*,*,#1818,.T.);
#2390=ORIENTED_EDGE('',*,*,#1817,.T.);
#2391=ORIENTED_EDGE('',*,*,#1819,.F.);
#2392=ORIENTED_EDGE('',*,*,#1820,.F.);
#2393=ORIENTED_EDGE('',*,*,#1821,.T.);
#2394=ORIENTED_EDGE('',*,*,#1820,.T.);
#2395=ORIENTED_EDGE('',*,*,#1822,.F.);
#2396=ORIENTED_EDGE('',*,*,#1823,.F.);
#2397=ORIENTED_EDGE('',*,*,#1824,.T.);
#2398=ORIENTED_EDGE('',*,*,#1823,.T.);
#2399=ORIENTED_EDGE('',*,*,#1825,.F.);
#2400=ORIENTED_EDGE('',*,*,#1815,.F.);
#2401=ORIENTED_EDGE('',*,*,#1825,.T.);
#2402=ORIENTED_EDGE('',*,*,#1822,.T.);
#2403=ORIENTED_EDGE('',*,*,#1819,.T.);
#2404=ORIENTED_EDGE('',*,*,#1816,.T.);
#2405=ORIENTED_EDGE('',*,*,#1811,.T.);
#2406=ORIENTED_EDGE('',*,*,#1824,.F.);
#2407=ORIENTED_EDGE('',*,*,#1814,.F.);
#2408=ORIENTED_EDGE('',*,*,#1818,.F.);
#2409=ORIENTED_EDGE('',*,*,#1821,.F.);
#2410=ORIENTED_EDGE('',*,*,#1813,.F.);
#2411=ORIENTED_EDGE('',*,*,#1826,.F.);
#2412=ORIENTED_EDGE('',*,*,#1827,.T.);
#2413=ORIENTED_EDGE('',*,*,#1828,.T.);
#2414=ORIENTED_EDGE('',*,*,#1827,.F.);
#2415=ORIENTED_EDGE('',*,*,#1829,.T.);
#2416=ORIENTED_EDGE('',*,*,#1830,.T.);
#2417=ORIENTED_EDGE('',*,*,#1831,.F.);
#2418=ORIENTED_EDGE('',*,*,#1832,.F.);
#2419=ORIENTED_EDGE('',*,*,#1833,.T.);
#2420=ORIENTED_EDGE('',*,*,#1832,.T.);
#2421=ORIENTED_EDGE('',*,*,#1834,.F.);
#2422=ORIENTED_EDGE('',*,*,#1835,.F.);
#2423=ORIENTED_EDGE('',*,*,#1836,.T.);
#2424=ORIENTED_EDGE('',*,*,#1835,.T.);
#2425=ORIENTED_EDGE('',*,*,#1837,.F.);
#2426=ORIENTED_EDGE('',*,*,#1838,.F.);
#2427=ORIENTED_EDGE('',*,*,#1839,.T.);
#2428=ORIENTED_EDGE('',*,*,#1838,.T.);
#2429=ORIENTED_EDGE('',*,*,#1840,.F.);
#2430=ORIENTED_EDGE('',*,*,#1830,.F.);
#2431=ORIENTED_EDGE('',*,*,#1840,.T.);
#2432=ORIENTED_EDGE('',*,*,#1837,.T.);
#2433=ORIENTED_EDGE('',*,*,#1834,.T.);
#2434=ORIENTED_EDGE('',*,*,#1831,.T.);
#2435=ORIENTED_EDGE('',*,*,#1826,.T.);
#2436=ORIENTED_EDGE('',*,*,#1839,.F.);
#2437=ORIENTED_EDGE('',*,*,#1829,.F.);
#2438=ORIENTED_EDGE('',*,*,#1833,.F.);
#2439=ORIENTED_EDGE('',*,*,#1836,.F.);
#2440=ORIENTED_EDGE('',*,*,#1828,.F.);
#2441=ORIENTED_EDGE('',*,*,#1841,.F.);
#2442=ORIENTED_EDGE('',*,*,#1842,.T.);
#2443=ORIENTED_EDGE('',*,*,#1843,.T.);
#2444=ORIENTED_EDGE('',*,*,#1842,.F.);
#2445=ORIENTED_EDGE('',*,*,#1843,.F.);
#2446=ORIENTED_EDGE('',*,*,#1844,.T.);
#2447=ORIENTED_EDGE('',*,*,#1845,.T.);
#2448=ORIENTED_EDGE('',*,*,#1846,.F.);
#2449=ORIENTED_EDGE('',*,*,#1847,.F.);
#2450=ORIENTED_EDGE('',*,*,#1848,.T.);
#2451=ORIENTED_EDGE('',*,*,#1847,.T.);
#2452=ORIENTED_EDGE('',*,*,#1849,.F.);
#2453=ORIENTED_EDGE('',*,*,#1850,.F.);
#2454=ORIENTED_EDGE('',*,*,#1851,.T.);
#2455=ORIENTED_EDGE('',*,*,#1850,.T.);
#2456=ORIENTED_EDGE('',*,*,#1852,.F.);
#2457=ORIENTED_EDGE('',*,*,#1853,.F.);
#2458=ORIENTED_EDGE('',*,*,#1854,.T.);
#2459=ORIENTED_EDGE('',*,*,#1853,.T.);
#2460=ORIENTED_EDGE('',*,*,#1855,.F.);
#2461=ORIENTED_EDGE('',*,*,#1845,.F.);
#2462=ORIENTED_EDGE('',*,*,#1855,.T.);
#2463=ORIENTED_EDGE('',*,*,#1852,.T.);
#2464=ORIENTED_EDGE('',*,*,#1849,.T.);
#2465=ORIENTED_EDGE('',*,*,#1846,.T.);
#2466=ORIENTED_EDGE('',*,*,#1854,.F.);
#2467=ORIENTED_EDGE('',*,*,#1844,.F.);
#2468=ORIENTED_EDGE('',*,*,#1848,.F.);
#2469=ORIENTED_EDGE('',*,*,#1851,.F.);
#2470=ORIENTED_EDGE('',*,*,#1841,.T.);
#2471=ORIENTED_EDGE('',*,*,#1856,.F.);
#2472=ORIENTED_EDGE('',*,*,#1857,.T.);
#2473=ORIENTED_EDGE('',*,*,#1858,.T.);
#2474=ORIENTED_EDGE('',*,*,#1857,.F.);
#2475=ORIENTED_EDGE('',*,*,#1858,.F.);
#2476=ORIENTED_EDGE('',*,*,#1859,.T.);
#2477=ORIENTED_EDGE('',*,*,#1860,.T.);
#2478=ORIENTED_EDGE('',*,*,#1861,.F.);
#2479=ORIENTED_EDGE('',*,*,#1862,.F.);
#2480=ORIENTED_EDGE('',*,*,#1863,.T.);
#2481=ORIENTED_EDGE('',*,*,#1862,.T.);
#2482=ORIENTED_EDGE('',*,*,#1864,.F.);
#2483=ORIENTED_EDGE('',*,*,#1865,.F.);
#2484=ORIENTED_EDGE('',*,*,#1866,.T.);
#2485=ORIENTED_EDGE('',*,*,#1865,.T.);
#2486=ORIENTED_EDGE('',*,*,#1867,.F.);
#2487=ORIENTED_EDGE('',*,*,#1868,.F.);
#2488=ORIENTED_EDGE('',*,*,#1869,.T.);
#2489=ORIENTED_EDGE('',*,*,#1868,.T.);
#2490=ORIENTED_EDGE('',*,*,#1870,.F.);
#2491=ORIENTED_EDGE('',*,*,#1860,.F.);
#2492=ORIENTED_EDGE('',*,*,#1870,.T.);
#2493=ORIENTED_EDGE('',*,*,#1867,.T.);
#2494=ORIENTED_EDGE('',*,*,#1864,.T.);
#2495=ORIENTED_EDGE('',*,*,#1861,.T.);
#2496=ORIENTED_EDGE('',*,*,#1869,.F.);
#2497=ORIENTED_EDGE('',*,*,#1859,.F.);
#2498=ORIENTED_EDGE('',*,*,#1863,.F.);
#2499=ORIENTED_EDGE('',*,*,#1866,.F.);
#2500=ORIENTED_EDGE('',*,*,#1856,.T.);
#2501=ORIENTED_EDGE('',*,*,#1871,.F.);
#2502=ORIENTED_EDGE('',*,*,#1872,.T.);
#2503=ORIENTED_EDGE('',*,*,#1873,.T.);
#2504=ORIENTED_EDGE('',*,*,#1872,.F.);
#2505=ORIENTED_EDGE('',*,*,#1873,.F.);
#2506=ORIENTED_EDGE('',*,*,#1874,.T.);
#2507=ORIENTED_EDGE('',*,*,#1875,.T.);
#2508=ORIENTED_EDGE('',*,*,#1876,.F.);
#2509=ORIENTED_EDGE('',*,*,#1877,.F.);
#2510=ORIENTED_EDGE('',*,*,#1878,.T.);
#2511=ORIENTED_EDGE('',*,*,#1877,.T.);
#2512=ORIENTED_EDGE('',*,*,#1879,.F.);
#2513=ORIENTED_EDGE('',*,*,#1880,.F.);
#2514=ORIENTED_EDGE('',*,*,#1881,.T.);
#2515=ORIENTED_EDGE('',*,*,#1880,.T.);
#2516=ORIENTED_EDGE('',*,*,#1882,.F.);
#2517=ORIENTED_EDGE('',*,*,#1883,.F.);
#2518=ORIENTED_EDGE('',*,*,#1884,.T.);
#2519=ORIENTED_EDGE('',*,*,#1883,.T.);
#2520=ORIENTED_EDGE('',*,*,#1885,.F.);
#2521=ORIENTED_EDGE('',*,*,#1875,.F.);
#2522=ORIENTED_EDGE('',*,*,#1885,.T.);
#2523=ORIENTED_EDGE('',*,*,#1882,.T.);
#2524=ORIENTED_EDGE('',*,*,#1879,.T.);
#2525=ORIENTED_EDGE('',*,*,#1876,.T.);
#2526=ORIENTED_EDGE('',*,*,#1884,.F.);
#2527=ORIENTED_EDGE('',*,*,#1874,.F.);
#2528=ORIENTED_EDGE('',*,*,#1878,.F.);
#2529=ORIENTED_EDGE('',*,*,#1881,.F.);
#2530=ORIENTED_EDGE('',*,*,#1871,.T.);
#2531=ORIENTED_EDGE('',*,*,#1886,.F.);
#2532=ORIENTED_EDGE('',*,*,#1887,.T.);
#2533=ORIENTED_EDGE('',*,*,#1888,.T.);
#2534=ORIENTED_EDGE('',*,*,#1887,.F.);
#2535=ORIENTED_EDGE('',*,*,#1888,.F.);
#2536=ORIENTED_EDGE('',*,*,#1889,.T.);
#2537=ORIENTED_EDGE('',*,*,#1890,.T.);
#2538=ORIENTED_EDGE('',*,*,#1891,.F.);
#2539=ORIENTED_EDGE('',*,*,#1892,.F.);
#2540=ORIENTED_EDGE('',*,*,#1893,.T.);
#2541=ORIENTED_EDGE('',*,*,#1892,.T.);
#2542=ORIENTED_EDGE('',*,*,#1894,.F.);
#2543=ORIENTED_EDGE('',*,*,#1895,.F.);
#2544=ORIENTED_EDGE('',*,*,#1896,.T.);
#2545=ORIENTED_EDGE('',*,*,#1895,.T.);
#2546=ORIENTED_EDGE('',*,*,#1897,.F.);
#2547=ORIENTED_EDGE('',*,*,#1898,.F.);
#2548=ORIENTED_EDGE('',*,*,#1899,.T.);
#2549=ORIENTED_EDGE('',*,*,#1898,.T.);
#2550=ORIENTED_EDGE('',*,*,#1900,.F.);
#2551=ORIENTED_EDGE('',*,*,#1890,.F.);
#2552=ORIENTED_EDGE('',*,*,#1900,.T.);
#2553=ORIENTED_EDGE('',*,*,#1897,.T.);
#2554=ORIENTED_EDGE('',*,*,#1894,.T.);
#2555=ORIENTED_EDGE('',*,*,#1891,.T.);
#2556=ORIENTED_EDGE('',*,*,#1899,.F.);
#2557=ORIENTED_EDGE('',*,*,#1889,.F.);
#2558=ORIENTED_EDGE('',*,*,#1893,.F.);
#2559=ORIENTED_EDGE('',*,*,#1896,.F.);
#2560=ORIENTED_EDGE('',*,*,#1886,.T.);
#2561=ORIENTED_EDGE('',*,*,#1901,.F.);
#2562=ORIENTED_EDGE('',*,*,#1902,.T.);
#2563=ORIENTED_EDGE('',*,*,#1903,.T.);
#2564=ORIENTED_EDGE('',*,*,#1902,.F.);
#2565=ORIENTED_EDGE('',*,*,#1904,.T.);
#2566=ORIENTED_EDGE('',*,*,#1905,.T.);
#2567=ORIENTED_EDGE('',*,*,#1906,.F.);
#2568=ORIENTED_EDGE('',*,*,#1907,.F.);
#2569=ORIENTED_EDGE('',*,*,#1908,.F.);
#2570=ORIENTED_EDGE('',*,*,#1907,.T.);
#2571=ORIENTED_EDGE('',*,*,#1909,.F.);
#2572=ORIENTED_EDGE('',*,*,#1910,.F.);
#2573=ORIENTED_EDGE('',*,*,#1911,.F.);
#2574=ORIENTED_EDGE('',*,*,#1910,.T.);
#2575=ORIENTED_EDGE('',*,*,#1912,.F.);
#2576=ORIENTED_EDGE('',*,*,#1913,.F.);
#2577=ORIENTED_EDGE('',*,*,#1914,.T.);
#2578=ORIENTED_EDGE('',*,*,#1913,.T.);
#2579=ORIENTED_EDGE('',*,*,#1915,.F.);
#2580=ORIENTED_EDGE('',*,*,#1905,.F.);
#2581=ORIENTED_EDGE('',*,*,#1915,.T.);
#2582=ORIENTED_EDGE('',*,*,#1912,.T.);
#2583=ORIENTED_EDGE('',*,*,#1909,.T.);
#2584=ORIENTED_EDGE('',*,*,#1906,.T.);
#2585=ORIENTED_EDGE('',*,*,#1901,.T.);
#2586=ORIENTED_EDGE('',*,*,#1914,.F.);
#2587=ORIENTED_EDGE('',*,*,#1904,.F.);
#2588=ORIENTED_EDGE('',*,*,#1908,.T.);
#2589=ORIENTED_EDGE('',*,*,#1911,.T.);
#2590=ORIENTED_EDGE('',*,*,#1903,.F.);
#2591=ORIENTED_EDGE('',*,*,#1916,.F.);
#2592=ORIENTED_EDGE('',*,*,#1917,.T.);
#2593=ORIENTED_EDGE('',*,*,#1918,.T.);
#2594=ORIENTED_EDGE('',*,*,#1917,.F.);
#2595=ORIENTED_EDGE('',*,*,#1919,.T.);
#2596=ORIENTED_EDGE('',*,*,#1920,.T.);
#2597=ORIENTED_EDGE('',*,*,#1921,.F.);
#2598=ORIENTED_EDGE('',*,*,#1922,.F.);
#2599=ORIENTED_EDGE('',*,*,#1923,.F.);
#2600=ORIENTED_EDGE('',*,*,#1922,.T.);
#2601=ORIENTED_EDGE('',*,*,#1924,.F.);
#2602=ORIENTED_EDGE('',*,*,#1925,.F.);
#2603=ORIENTED_EDGE('',*,*,#1926,.F.);
#2604=ORIENTED_EDGE('',*,*,#1925,.T.);
#2605=ORIENTED_EDGE('',*,*,#1927,.F.);
#2606=ORIENTED_EDGE('',*,*,#1928,.F.);
#2607=ORIENTED_EDGE('',*,*,#1929,.T.);
#2608=ORIENTED_EDGE('',*,*,#1928,.T.);
#2609=ORIENTED_EDGE('',*,*,#1930,.F.);
#2610=ORIENTED_EDGE('',*,*,#1920,.F.);
#2611=ORIENTED_EDGE('',*,*,#1930,.T.);
#2612=ORIENTED_EDGE('',*,*,#1927,.T.);
#2613=ORIENTED_EDGE('',*,*,#1924,.T.);
#2614=ORIENTED_EDGE('',*,*,#1921,.T.);
#2615=ORIENTED_EDGE('',*,*,#1916,.T.);
#2616=ORIENTED_EDGE('',*,*,#1929,.F.);
#2617=ORIENTED_EDGE('',*,*,#1919,.F.);
#2618=ORIENTED_EDGE('',*,*,#1923,.T.);
#2619=ORIENTED_EDGE('',*,*,#1926,.T.);
#2620=ORIENTED_EDGE('',*,*,#1918,.F.);
#2621=ORIENTED_EDGE('',*,*,#1931,.F.);
#2622=ORIENTED_EDGE('',*,*,#1932,.T.);
#2623=ORIENTED_EDGE('',*,*,#1933,.T.);
#2624=ORIENTED_EDGE('',*,*,#1932,.F.);
#2625=ORIENTED_EDGE('',*,*,#1934,.F.);
#2626=ORIENTED_EDGE('',*,*,#1935,.T.);
#2627=ORIENTED_EDGE('',*,*,#1936,.T.);
#2628=ORIENTED_EDGE('',*,*,#1935,.F.);
#2629=ORIENTED_EDGE('',*,*,#1937,.F.);
#2630=ORIENTED_EDGE('',*,*,#1938,.T.);
#2631=ORIENTED_EDGE('',*,*,#1939,.T.);
#2632=ORIENTED_EDGE('',*,*,#1938,.F.);
#2633=ORIENTED_EDGE('',*,*,#1940,.F.);
#2634=ORIENTED_EDGE('',*,*,#1941,.T.);
#2635=ORIENTED_EDGE('',*,*,#1942,.T.);
#2636=ORIENTED_EDGE('',*,*,#1941,.F.);
#2637=ORIENTED_EDGE('',*,*,#1943,.F.);
#2638=ORIENTED_EDGE('',*,*,#1944,.T.);
#2639=ORIENTED_EDGE('',*,*,#1945,.T.);
#2640=ORIENTED_EDGE('',*,*,#1944,.F.);
#2641=ORIENTED_EDGE('',*,*,#1946,.F.);
#2642=ORIENTED_EDGE('',*,*,#1947,.T.);
#2643=ORIENTED_EDGE('',*,*,#1948,.T.);
#2644=ORIENTED_EDGE('',*,*,#1947,.F.);
#2645=ORIENTED_EDGE('',*,*,#1949,.T.);
#2646=ORIENTED_EDGE('',*,*,#1950,.T.);
#2647=ORIENTED_EDGE('',*,*,#1951,.F.);
#2648=ORIENTED_EDGE('',*,*,#1952,.F.);
#2649=ORIENTED_EDGE('',*,*,#1953,.F.);
#2650=ORIENTED_EDGE('',*,*,#1952,.T.);
#2651=ORIENTED_EDGE('',*,*,#1954,.F.);
#2652=ORIENTED_EDGE('',*,*,#1955,.F.);
#2653=ORIENTED_EDGE('',*,*,#1956,.T.);
#2654=ORIENTED_EDGE('',*,*,#1955,.T.);
#2655=ORIENTED_EDGE('',*,*,#1957,.F.);
#2656=ORIENTED_EDGE('',*,*,#1958,.F.);
#2657=ORIENTED_EDGE('',*,*,#1959,.T.);
#2658=ORIENTED_EDGE('',*,*,#1958,.T.);
#2659=ORIENTED_EDGE('',*,*,#1960,.F.);
#2660=ORIENTED_EDGE('',*,*,#1961,.F.);
#2661=ORIENTED_EDGE('',*,*,#1962,.F.);
#2662=ORIENTED_EDGE('',*,*,#1961,.T.);
#2663=ORIENTED_EDGE('',*,*,#1963,.F.);
#2664=ORIENTED_EDGE('',*,*,#1964,.F.);
#2665=ORIENTED_EDGE('',*,*,#1965,.T.);
#2666=ORIENTED_EDGE('',*,*,#1964,.T.);
#2667=ORIENTED_EDGE('',*,*,#1966,.F.);
#2668=ORIENTED_EDGE('',*,*,#1967,.F.);
#2669=ORIENTED_EDGE('',*,*,#1968,.T.);
#2670=ORIENTED_EDGE('',*,*,#1967,.T.);
#2671=ORIENTED_EDGE('',*,*,#1969,.F.);
#2672=ORIENTED_EDGE('',*,*,#1970,.F.);
#2673=ORIENTED_EDGE('',*,*,#1971,.F.);
#2674=ORIENTED_EDGE('',*,*,#1970,.T.);
#2675=ORIENTED_EDGE('',*,*,#1972,.F.);
#2676=ORIENTED_EDGE('',*,*,#1973,.F.);
#2677=ORIENTED_EDGE('',*,*,#1974,.T.);
#2678=ORIENTED_EDGE('',*,*,#1973,.T.);
#2679=ORIENTED_EDGE('',*,*,#1975,.F.);
#2680=ORIENTED_EDGE('',*,*,#1976,.F.);
#2681=ORIENTED_EDGE('',*,*,#1977,.F.);
#2682=ORIENTED_EDGE('',*,*,#1976,.T.);
#2683=ORIENTED_EDGE('',*,*,#1978,.F.);
#2684=ORIENTED_EDGE('',*,*,#1979,.F.);
#2685=ORIENTED_EDGE('',*,*,#1980,.T.);
#2686=ORIENTED_EDGE('',*,*,#1979,.T.);
#2687=ORIENTED_EDGE('',*,*,#1981,.F.);
#2688=ORIENTED_EDGE('',*,*,#1982,.F.);
#2689=ORIENTED_EDGE('',*,*,#1983,.T.);
#2690=ORIENTED_EDGE('',*,*,#1982,.T.);
#2691=ORIENTED_EDGE('',*,*,#1984,.F.);
#2692=ORIENTED_EDGE('',*,*,#1985,.F.);
#2693=ORIENTED_EDGE('',*,*,#1986,.T.);
#2694=ORIENTED_EDGE('',*,*,#1985,.T.);
#2695=ORIENTED_EDGE('',*,*,#1987,.F.);
#2696=ORIENTED_EDGE('',*,*,#1988,.F.);
#2697=ORIENTED_EDGE('',*,*,#1989,.T.);
#2698=ORIENTED_EDGE('',*,*,#1988,.T.);
#2699=ORIENTED_EDGE('',*,*,#1990,.F.);
#2700=ORIENTED_EDGE('',*,*,#1991,.F.);
#2701=ORIENTED_EDGE('',*,*,#1992,.T.);
#2702=ORIENTED_EDGE('',*,*,#1991,.T.);
#2703=ORIENTED_EDGE('',*,*,#1993,.F.);
#2704=ORIENTED_EDGE('',*,*,#1994,.F.);
#2705=ORIENTED_EDGE('',*,*,#1995,.T.);
#2706=ORIENTED_EDGE('',*,*,#1994,.T.);
#2707=ORIENTED_EDGE('',*,*,#1996,.F.);
#2708=ORIENTED_EDGE('',*,*,#1997,.F.);
#2709=ORIENTED_EDGE('',*,*,#1998,.T.);
#2710=ORIENTED_EDGE('',*,*,#1997,.T.);
#2711=ORIENTED_EDGE('',*,*,#1999,.F.);
#2712=ORIENTED_EDGE('',*,*,#2000,.F.);
#2713=ORIENTED_EDGE('',*,*,#2001,.T.);
#2714=ORIENTED_EDGE('',*,*,#2000,.T.);
#2715=ORIENTED_EDGE('',*,*,#2002,.F.);
#2716=ORIENTED_EDGE('',*,*,#1950,.F.);
#2717=ORIENTED_EDGE('',*,*,#2002,.T.);
#2718=ORIENTED_EDGE('',*,*,#1999,.T.);
#2719=ORIENTED_EDGE('',*,*,#1996,.T.);
#2720=ORIENTED_EDGE('',*,*,#1993,.T.);
#2721=ORIENTED_EDGE('',*,*,#1990,.T.);
#2722=ORIENTED_EDGE('',*,*,#1987,.T.);
#2723=ORIENTED_EDGE('',*,*,#1984,.T.);
#2724=ORIENTED_EDGE('',*,*,#1981,.T.);
#2725=ORIENTED_EDGE('',*,*,#1978,.T.);
#2726=ORIENTED_EDGE('',*,*,#1975,.T.);
#2727=ORIENTED_EDGE('',*,*,#1972,.T.);
#2728=ORIENTED_EDGE('',*,*,#1969,.T.);
#2729=ORIENTED_EDGE('',*,*,#1966,.T.);
#2730=ORIENTED_EDGE('',*,*,#1963,.T.);
#2731=ORIENTED_EDGE('',*,*,#1960,.T.);
#2732=ORIENTED_EDGE('',*,*,#1957,.T.);
#2733=ORIENTED_EDGE('',*,*,#1954,.T.);
#2734=ORIENTED_EDGE('',*,*,#1951,.T.);
#2735=ORIENTED_EDGE('',*,*,#1946,.T.);
#2736=ORIENTED_EDGE('',*,*,#1943,.T.);
#2737=ORIENTED_EDGE('',*,*,#1940,.T.);
#2738=ORIENTED_EDGE('',*,*,#1937,.T.);
#2739=ORIENTED_EDGE('',*,*,#1934,.T.);
#2740=ORIENTED_EDGE('',*,*,#1931,.T.);
#2741=ORIENTED_EDGE('',*,*,#2001,.F.);
#2742=ORIENTED_EDGE('',*,*,#1949,.F.);
#2743=ORIENTED_EDGE('',*,*,#1953,.T.);
#2744=ORIENTED_EDGE('',*,*,#1956,.F.);
#2745=ORIENTED_EDGE('',*,*,#1959,.F.);
#2746=ORIENTED_EDGE('',*,*,#1962,.T.);
#2747=ORIENTED_EDGE('',*,*,#1965,.F.);
#2748=ORIENTED_EDGE('',*,*,#1968,.F.);
#2749=ORIENTED_EDGE('',*,*,#1971,.T.);
#2750=ORIENTED_EDGE('',*,*,#1974,.F.);
#2751=ORIENTED_EDGE('',*,*,#1977,.T.);
#2752=ORIENTED_EDGE('',*,*,#1980,.F.);
#2753=ORIENTED_EDGE('',*,*,#1983,.F.);
#2754=ORIENTED_EDGE('',*,*,#1986,.F.);
#2755=ORIENTED_EDGE('',*,*,#1989,.F.);
#2756=ORIENTED_EDGE('',*,*,#1992,.F.);
#2757=ORIENTED_EDGE('',*,*,#1995,.F.);
#2758=ORIENTED_EDGE('',*,*,#1998,.F.);
#2759=ORIENTED_EDGE('',*,*,#1948,.F.);
#2760=ORIENTED_EDGE('',*,*,#1945,.F.);
#2761=ORIENTED_EDGE('',*,*,#1942,.F.);
#2762=ORIENTED_EDGE('',*,*,#1939,.F.);
#2763=ORIENTED_EDGE('',*,*,#1936,.F.);
#2764=ORIENTED_EDGE('',*,*,#1933,.F.);
#2765=ORIENTED_EDGE('',*,*,#2003,.T.);
#2766=ORIENTED_EDGE('',*,*,#2004,.T.);
#2767=ORIENTED_EDGE('',*,*,#2005,.T.);
#2768=ORIENTED_EDGE('',*,*,#2006,.F.);
#2769=ORIENTED_EDGE('',*,*,#2005,.F.);
#2770=ORIENTED_EDGE('',*,*,#2007,.F.);
#2771=ORIENTED_EDGE('',*,*,#2008,.F.);
#2772=ORIENTED_EDGE('',*,*,#2009,.F.);
#2773=ORIENTED_EDGE('',*,*,#2004,.F.);
#2774=ORIENTED_EDGE('',*,*,#2010,.T.);
#2775=ORIENTED_EDGE('',*,*,#2011,.F.);
#2776=ORIENTED_EDGE('',*,*,#2007,.T.);
#2777=ORIENTED_EDGE('',*,*,#2012,.T.);
#2778=ORIENTED_EDGE('',*,*,#2013,.T.);
#2779=ORIENTED_EDGE('',*,*,#2008,.T.);
#2780=ORIENTED_EDGE('',*,*,#2011,.T.);
#2781=ORIENTED_EDGE('',*,*,#2014,.T.);
#2782=ORIENTED_EDGE('',*,*,#2015,.F.);
#2783=ORIENTED_EDGE('',*,*,#2013,.F.);
#2784=ORIENTED_EDGE('',*,*,#2016,.T.);
#2785=ORIENTED_EDGE('',*,*,#2017,.F.);
#2786=ORIENTED_EDGE('',*,*,#2016,.F.);
#2787=ORIENTED_EDGE('',*,*,#2012,.F.);
#2788=ORIENTED_EDGE('',*,*,#2018,.T.);
#2789=ORIENTED_EDGE('',*,*,#2019,.F.);
#2790=ORIENTED_EDGE('',*,*,#2018,.F.);
#2791=ORIENTED_EDGE('',*,*,#2003,.F.);
#2792=ORIENTED_EDGE('',*,*,#2020,.F.);
#2793=ORIENTED_EDGE('',*,*,#2014,.F.);
#2794=ORIENTED_EDGE('',*,*,#2010,.F.);
#2795=ORIENTED_EDGE('',*,*,#2006,.T.);
#2796=ORIENTED_EDGE('',*,*,#2009,.T.);
#2797=ORIENTED_EDGE('',*,*,#2015,.T.);
#2798=ORIENTED_EDGE('',*,*,#2020,.T.);
#2799=ORIENTED_EDGE('',*,*,#2019,.T.);
#2800=ORIENTED_EDGE('',*,*,#2017,.T.);
#2801=ORIENTED_EDGE('',*,*,#2021,.F.);
#2802=ORIENTED_EDGE('',*,*,#2022,.T.);
#2803=ORIENTED_EDGE('',*,*,#2023,.F.);
#2804=ORIENTED_EDGE('',*,*,#2024,.T.);
#2805=ORIENTED_EDGE('',*,*,#2021,.T.);
#2806=ORIENTED_EDGE('',*,*,#2025,.T.);
#2807=ORIENTED_EDGE('',*,*,#2026,.F.);
#2808=ORIENTED_EDGE('',*,*,#2027,.F.);
#2809=ORIENTED_EDGE('',*,*,#2028,.F.);
#2810=ORIENTED_EDGE('',*,*,#2029,.T.);
#2811=ORIENTED_EDGE('',*,*,#2030,.F.);
#2812=ORIENTED_EDGE('',*,*,#2031,.F.);
#2813=ORIENTED_EDGE('',*,*,#2030,.T.);
#2814=ORIENTED_EDGE('',*,*,#2032,.T.);
#2815=ORIENTED_EDGE('',*,*,#2026,.T.);
#2816=ORIENTED_EDGE('',*,*,#2033,.T.);
#2817=ORIENTED_EDGE('',*,*,#2023,.T.);
#2818=ORIENTED_EDGE('',*,*,#2034,.T.);
#2819=ORIENTED_EDGE('',*,*,#2035,.F.);
#2820=ORIENTED_EDGE('',*,*,#2036,.F.);
#2821=ORIENTED_EDGE('',*,*,#2037,.F.);
#2822=ORIENTED_EDGE('',*,*,#2031,.T.);
#2823=ORIENTED_EDGE('',*,*,#2033,.F.);
#2824=ORIENTED_EDGE('',*,*,#2025,.F.);
#2825=ORIENTED_EDGE('',*,*,#2024,.F.);
#2826=ORIENTED_EDGE('',*,*,#2036,.T.);
#2827=ORIENTED_EDGE('',*,*,#2038,.F.);
#2828=ORIENTED_EDGE('',*,*,#2039,.F.);
#2829=ORIENTED_EDGE('',*,*,#2040,.F.);
#2830=ORIENTED_EDGE('',*,*,#2039,.T.);
#2831=ORIENTED_EDGE('',*,*,#2041,.F.);
#2832=ORIENTED_EDGE('',*,*,#2042,.F.);
#2833=ORIENTED_EDGE('',*,*,#2043,.T.);
#2834=ORIENTED_EDGE('',*,*,#2042,.T.);
#2835=ORIENTED_EDGE('',*,*,#2044,.F.);
#2836=ORIENTED_EDGE('',*,*,#2034,.F.);
#2837=ORIENTED_EDGE('',*,*,#2022,.F.);
#2838=ORIENTED_EDGE('',*,*,#2027,.T.);
#2839=ORIENTED_EDGE('',*,*,#2032,.F.);
#2840=ORIENTED_EDGE('',*,*,#2029,.F.);
#2841=ORIENTED_EDGE('',*,*,#2037,.T.);
#2842=ORIENTED_EDGE('',*,*,#2040,.T.);
#2843=ORIENTED_EDGE('',*,*,#2043,.F.);
#2844=ORIENTED_EDGE('',*,*,#2028,.T.);
#2845=ORIENTED_EDGE('',*,*,#2035,.T.);
#2846=ORIENTED_EDGE('',*,*,#2044,.T.);
#2847=ORIENTED_EDGE('',*,*,#2041,.T.);
#2848=ORIENTED_EDGE('',*,*,#2038,.T.);
#2849=ORIENTED_EDGE('',*,*,#2045,.T.);
#2850=ORIENTED_EDGE('',*,*,#2046,.T.);
#2851=ORIENTED_EDGE('',*,*,#2047,.F.);
#2852=ORIENTED_EDGE('',*,*,#2048,.F.);
#2853=ORIENTED_EDGE('',*,*,#2049,.F.);
#2854=ORIENTED_EDGE('',*,*,#2048,.T.);
#2855=ORIENTED_EDGE('',*,*,#2050,.F.);
#2856=ORIENTED_EDGE('',*,*,#2051,.F.);
#2857=ORIENTED_EDGE('',*,*,#2052,.T.);
#2858=ORIENTED_EDGE('',*,*,#2051,.T.);
#2859=ORIENTED_EDGE('',*,*,#2053,.F.);
#2860=ORIENTED_EDGE('',*,*,#2054,.F.);
#2861=ORIENTED_EDGE('',*,*,#2055,.F.);
#2862=ORIENTED_EDGE('',*,*,#2054,.T.);
#2863=ORIENTED_EDGE('',*,*,#2056,.F.);
#2864=ORIENTED_EDGE('',*,*,#2046,.F.);
#2865=ORIENTED_EDGE('',*,*,#2055,.T.);
#2866=ORIENTED_EDGE('',*,*,#2045,.F.);
#2867=ORIENTED_EDGE('',*,*,#2049,.T.);
#2868=ORIENTED_EDGE('',*,*,#2052,.F.);
#2869=ORIENTED_EDGE('',*,*,#2056,.T.);
#2870=ORIENTED_EDGE('',*,*,#2053,.T.);
#2871=ORIENTED_EDGE('',*,*,#2050,.T.);
#2872=ORIENTED_EDGE('',*,*,#2047,.T.);
#2873=ORIENTED_EDGE('',*,*,#2057,.T.);
#2874=ORIENTED_EDGE('',*,*,#2058,.F.);
#2875=ORIENTED_EDGE('',*,*,#2059,.T.);
#2876=ORIENTED_EDGE('',*,*,#2060,.F.);
#2877=ORIENTED_EDGE('',*,*,#2061,.F.);
#2878=ORIENTED_EDGE('',*,*,#2062,.T.);
#2879=ORIENTED_EDGE('',*,*,#2063,.F.);
#2880=ORIENTED_EDGE('',*,*,#2064,.F.);
#2881=ORIENTED_EDGE('',*,*,#2060,.T.);
#2882=ORIENTED_EDGE('',*,*,#2065,.T.);
#2883=ORIENTED_EDGE('',*,*,#2066,.F.);
#2884=ORIENTED_EDGE('',*,*,#2067,.F.);
#2885=ORIENTED_EDGE('',*,*,#2068,.T.);
#2886=ORIENTED_EDGE('',*,*,#2066,.T.);
#2887=ORIENTED_EDGE('',*,*,#2069,.T.);
#2888=ORIENTED_EDGE('',*,*,#2063,.T.);
#2889=ORIENTED_EDGE('',*,*,#2058,.T.);
#2890=ORIENTED_EDGE('',*,*,#2070,.T.);
#2891=ORIENTED_EDGE('',*,*,#2071,.F.);
#2892=ORIENTED_EDGE('',*,*,#2072,.F.);
#2893=ORIENTED_EDGE('',*,*,#2073,.F.);
#2894=ORIENTED_EDGE('',*,*,#2064,.T.);
#2895=ORIENTED_EDGE('',*,*,#2069,.F.);
#2896=ORIENTED_EDGE('',*,*,#2065,.F.);
#2897=ORIENTED_EDGE('',*,*,#2059,.F.);
#2898=ORIENTED_EDGE('',*,*,#2072,.T.);
#2899=ORIENTED_EDGE('',*,*,#2074,.F.);
#2900=ORIENTED_EDGE('',*,*,#2075,.F.);
#2901=ORIENTED_EDGE('',*,*,#2076,.F.);
#2902=ORIENTED_EDGE('',*,*,#2075,.T.);
#2903=ORIENTED_EDGE('',*,*,#2077,.F.);
#2904=ORIENTED_EDGE('',*,*,#2078,.F.);
#2905=ORIENTED_EDGE('',*,*,#2079,.F.);
#2906=ORIENTED_EDGE('',*,*,#2078,.T.);
#2907=ORIENTED_EDGE('',*,*,#2080,.F.);
#2908=ORIENTED_EDGE('',*,*,#2070,.F.);
#2909=ORIENTED_EDGE('',*,*,#2057,.F.);
#2910=ORIENTED_EDGE('',*,*,#2067,.T.);
#2911=ORIENTED_EDGE('',*,*,#2068,.F.);
#2912=ORIENTED_EDGE('',*,*,#2062,.F.);
#2913=ORIENTED_EDGE('',*,*,#2079,.T.);
#2914=ORIENTED_EDGE('',*,*,#2061,.T.);
#2915=ORIENTED_EDGE('',*,*,#2073,.T.);
#2916=ORIENTED_EDGE('',*,*,#2076,.T.);
#2917=ORIENTED_EDGE('',*,*,#2080,.T.);
#2918=ORIENTED_EDGE('',*,*,#2077,.T.);
#2919=ORIENTED_EDGE('',*,*,#2074,.T.);
#2920=ORIENTED_EDGE('',*,*,#2071,.T.);
#2921=CYLINDRICAL_SURFACE('',#3183,2.5);
#2922=CYLINDRICAL_SURFACE('',#3192,2.5);
#2923=CYLINDRICAL_SURFACE('',#3194,2.95000000000002);
#2924=CYLINDRICAL_SURFACE('',#3198,0.549999999999997);
#2925=CYLINDRICAL_SURFACE('',#3201,0.549999999999997);
#2926=CYLINDRICAL_SURFACE('',#3214,2.5);
#2927=CYLINDRICAL_SURFACE('',#3220,2.5);
#2928=CYLINDRICAL_SURFACE('',#3234,2.5);
#2929=CYLINDRICAL_SURFACE('',#3239,1.90000000000001);
#2930=CYLINDRICAL_SURFACE('',#3242,1.90000000000001);
#2931=CYLINDRICAL_SURFACE('',#3249,2.25000000000001);
#2932=CYLINDRICAL_SURFACE('',#3254,2.5);
#2933=CYLINDRICAL_SURFACE('',#3260,2.25000000000001);
#2934=CYLINDRICAL_SURFACE('',#3265,2.5);
#2935=CYLINDRICAL_SURFACE('',#3271,2.25000000000001);
#2936=CYLINDRICAL_SURFACE('',#3276,2.5);
#2937=CYLINDRICAL_SURFACE('',#3282,2.25000000000001);
#2938=CYLINDRICAL_SURFACE('',#3287,2.5);
#2939=CYLINDRICAL_SURFACE('',#3293,1.99999999999999);
#2940=CYLINDRICAL_SURFACE('',#3299,2.5);
#2941=CYLINDRICAL_SURFACE('',#3305,1.99999999999999);
#2942=CYLINDRICAL_SURFACE('',#3311,2.5);
#2943=CYLINDRICAL_SURFACE('',#3317,1.99999999999999);
#2944=CYLINDRICAL_SURFACE('',#3323,2.5);
#2945=CYLINDRICAL_SURFACE('',#3329,1.99999999999999);
#2946=CYLINDRICAL_SURFACE('',#3335,2.5);
#2947=CYLINDRICAL_SURFACE('',#3341,13.6);
#2948=CYLINDRICAL_SURFACE('',#3347,14.5);
#2949=CYLINDRICAL_SURFACE('',#3352,13.6);
#2950=CYLINDRICAL_SURFACE('',#3358,14.5);
#2951=CYLINDRICAL_SURFACE('',#3364,1.90000000000001);
#2952=CYLINDRICAL_SURFACE('',#3367,17.55);
#2953=CYLINDRICAL_SURFACE('',#3370,1.9);
#2954=CYLINDRICAL_SURFACE('',#3373,17.55);
#2955=CYLINDRICAL_SURFACE('',#3376,1.89999999999998);
#2956=CYLINDRICAL_SURFACE('',#3379,1.90000000000001);
#2957=CYLINDRICAL_SURFACE('',#3382,18.);
#2958=CYLINDRICAL_SURFACE('',#3386,18.);
#2959=CYLINDRICAL_SURFACE('',#3389,3.5);
#2960=CYLINDRICAL_SURFACE('',#3393,3.50000000000001);
#2961=CYLINDRICAL_SURFACE('',#3396,18.);
#2962=CYLINDRICAL_SURFACE('',#3400,18.);
#2963=CYLINDRICAL_SURFACE('',#3404,18.);
#2964=CYLINDRICAL_SURFACE('',#3412,18.);
#2965=CYLINDRICAL_SURFACE('',#3418,2.);
#2966=CYLINDRICAL_SURFACE('',#3426,2.);
#2967=CYLINDRICAL_SURFACE('',#3428,1.90000000000001);
#2968=CYLINDRICAL_SURFACE('',#3430,1.90000000000001);
#2969=CYLINDRICAL_SURFACE('',#3436,3.49999999999998);
#2970=CYLINDRICAL_SURFACE('',#3457,3.50000000000001);
#2971=ADVANCED_FACE('',(#235),#2921,.T.);
#2972=ADVANCED_FACE('',(#236),#105,.T.);
#2973=ADVANCED_FACE('',(#237,#59,#60,#61),#106,.T.);
#2974=ADVANCED_FACE('',(#238),#2922,.T.);
#2975=ADVANCED_FACE('',(#239),#2923,.F.);
#2976=ADVANCED_FACE('',(#240),#107,.T.);
#2977=ADVANCED_FACE('',(#241),#108,.T.);
#2978=ADVANCED_FACE('',(#242),#2924,.F.);
#2979=ADVANCED_FACE('',(#243),#109,.T.);
#2980=ADVANCED_FACE('',(#244),#2925,.F.);
#2981=ADVANCED_FACE('',(#245),#110,.T.);
#2982=ADVANCED_FACE('',(#246),#111,.T.);
#2983=ADVANCED_FACE('',(#247),#112,.T.);
#2984=ADVANCED_FACE('',(#248),#113,.T.);
#2985=ADVANCED_FACE('',(#249),#114,.T.);
#2986=ADVANCED_FACE('',(#250),#115,.T.);
#2987=ADVANCED_FACE('',(#251),#116,.T.);
#2988=ADVANCED_FACE('',(#252),#117,.T.);
#2989=ADVANCED_FACE('',(#253),#118,.T.);
#2990=ADVANCED_FACE('',(#254),#119,.T.);
#2991=ADVANCED_FACE('',(#255,#62,#63,#64),#120,.F.);
#2992=ADVANCED_FACE('',(#256),#2926,.T.);
#2993=ADVANCED_FACE('',(#257),#121,.T.);
#2994=ADVANCED_FACE('',(#258,#65),#122,.T.);
#2995=ADVANCED_FACE('',(#259),#2927,.T.);
#2996=ADVANCED_FACE('',(#260),#123,.F.);
#2997=ADVANCED_FACE('',(#261),#124,.F.);
#2998=ADVANCED_FACE('',(#262),#125,.F.);
#2999=ADVANCED_FACE('',(#263),#126,.F.);
#3000=ADVANCED_FACE('',(#264),#127,.T.);
#3001=ADVANCED_FACE('',(#265),#128,.T.);
#3002=ADVANCED_FACE('',(#266),#129,.T.);
#3003=ADVANCED_FACE('',(#267,#66),#130,.T.);
#3004=ADVANCED_FACE('',(#268,#67),#131,.T.);
#3005=ADVANCED_FACE('',(#269),#132,.T.);
#3006=ADVANCED_FACE('',(#270),#133,.T.);
#3007=ADVANCED_FACE('',(#271,#68),#134,.T.);
#3008=ADVANCED_FACE('',(#272),#2928,.T.);
#3009=ADVANCED_FACE('',(#273),#135,.T.);
#3010=ADVANCED_FACE('',(#274),#136,.T.);
#3011=ADVANCED_FACE('',(#275),#2929,.F.);
#3012=ADVANCED_FACE('',(#276),#2930,.F.);
#3013=ADVANCED_FACE('',(#277),#137,.T.);
#3014=ADVANCED_FACE('',(#278),#138,.T.);
#3015=ADVANCED_FACE('',(#279,#69,#70),#139,.T.);
#3016=ADVANCED_FACE('',(#280,#71,#72),#140,.F.);
#3017=ADVANCED_FACE('',(#281),#2931,.F.);
#3018=ADVANCED_FACE('',(#282),#141,.T.);
#3019=ADVANCED_FACE('',(#283),#142,.T.);
#3020=ADVANCED_FACE('',(#284),#2932,.T.);
#3021=ADVANCED_FACE('',(#285),#143,.T.);
#3022=ADVANCED_FACE('',(#286,#73),#144,.T.);
#3023=ADVANCED_FACE('',(#287,#74),#145,.F.);
#3024=ADVANCED_FACE('',(#288),#2933,.F.);
#3025=ADVANCED_FACE('',(#289),#146,.T.);
#3026=ADVANCED_FACE('',(#290),#147,.T.);
#3027=ADVANCED_FACE('',(#291),#2934,.T.);
#3028=ADVANCED_FACE('',(#292),#148,.T.);
#3029=ADVANCED_FACE('',(#293,#75),#149,.T.);
#3030=ADVANCED_FACE('',(#294,#76),#150,.F.);
#3031=ADVANCED_FACE('',(#295),#2935,.F.);
#3032=ADVANCED_FACE('',(#296),#151,.T.);
#3033=ADVANCED_FACE('',(#297),#152,.T.);
#3034=ADVANCED_FACE('',(#298),#2936,.T.);
#3035=ADVANCED_FACE('',(#299),#153,.T.);
#3036=ADVANCED_FACE('',(#300,#77),#154,.T.);
#3037=ADVANCED_FACE('',(#301,#78),#155,.F.);
#3038=ADVANCED_FACE('',(#302),#2937,.F.);
#3039=ADVANCED_FACE('',(#303),#156,.T.);
#3040=ADVANCED_FACE('',(#304),#157,.T.);
#3041=ADVANCED_FACE('',(#305),#2938,.T.);
#3042=ADVANCED_FACE('',(#306),#158,.T.);
#3043=ADVANCED_FACE('',(#307,#79),#159,.T.);
#3044=ADVANCED_FACE('',(#308,#80),#160,.F.);
#3045=ADVANCED_FACE('',(#309),#2939,.T.);
#3046=ADVANCED_FACE('',(#310),#161,.F.);
#3047=ADVANCED_FACE('',(#311),#162,.T.);
#3048=ADVANCED_FACE('',(#312),#163,.T.);
#3049=ADVANCED_FACE('',(#313),#2940,.T.);
#3050=ADVANCED_FACE('',(#314),#164,.T.);
#3051=ADVANCED_FACE('',(#315),#165,.T.);
#3052=ADVANCED_FACE('',(#316,#81),#166,.F.);
#3053=ADVANCED_FACE('',(#317),#2941,.T.);
#3054=ADVANCED_FACE('',(#318),#167,.F.);
#3055=ADVANCED_FACE('',(#319),#168,.T.);
#3056=ADVANCED_FACE('',(#320),#169,.T.);
#3057=ADVANCED_FACE('',(#321),#2942,.T.);
#3058=ADVANCED_FACE('',(#322),#170,.T.);
#3059=ADVANCED_FACE('',(#323),#171,.T.);
#3060=ADVANCED_FACE('',(#324,#82),#172,.F.);
#3061=ADVANCED_FACE('',(#325),#2943,.T.);
#3062=ADVANCED_FACE('',(#326),#173,.F.);
#3063=ADVANCED_FACE('',(#327),#174,.T.);
#3064=ADVANCED_FACE('',(#328),#175,.T.);
#3065=ADVANCED_FACE('',(#329),#2944,.T.);
#3066=ADVANCED_FACE('',(#330),#176,.T.);
#3067=ADVANCED_FACE('',(#331),#177,.T.);
#3068=ADVANCED_FACE('',(#332,#83),#178,.F.);
#3069=ADVANCED_FACE('',(#333),#2945,.T.);
#3070=ADVANCED_FACE('',(#334),#179,.F.);
#3071=ADVANCED_FACE('',(#335),#180,.T.);
#3072=ADVANCED_FACE('',(#336),#181,.T.);
#3073=ADVANCED_FACE('',(#337),#2946,.T.);
#3074=ADVANCED_FACE('',(#338),#182,.T.);
#3075=ADVANCED_FACE('',(#339),#183,.T.);
#3076=ADVANCED_FACE('',(#340,#84),#184,.F.);
#3077=ADVANCED_FACE('',(#341),#2947,.F.);
#3078=ADVANCED_FACE('',(#342),#185,.T.);
#3079=ADVANCED_FACE('',(#343),#186,.T.);
#3080=ADVANCED_FACE('',(#344),#187,.T.);
#3081=ADVANCED_FACE('',(#345),#2948,.T.);
#3082=ADVANCED_FACE('',(#346,#85),#188,.T.);
#3083=ADVANCED_FACE('',(#347,#86),#189,.F.);
#3084=ADVANCED_FACE('',(#348),#2949,.F.);
#3085=ADVANCED_FACE('',(#349),#190,.T.);
#3086=ADVANCED_FACE('',(#350),#191,.T.);
#3087=ADVANCED_FACE('',(#351),#192,.T.);
#3088=ADVANCED_FACE('',(#352),#2950,.T.);
#3089=ADVANCED_FACE('',(#353,#87),#193,.T.);
#3090=ADVANCED_FACE('',(#354,#88),#194,.F.);
#3091=ADVANCED_FACE('',(#355),#2951,.F.);
#3092=ADVANCED_FACE('',(#356),#2952,.F.);
#3093=ADVANCED_FACE('',(#357),#2953,.F.);
#3094=ADVANCED_FACE('',(#358),#2954,.F.);
#3095=ADVANCED_FACE('',(#359),#2955,.F.);
#3096=ADVANCED_FACE('',(#360),#2956,.F.);
#3097=ADVANCED_FACE('',(#361),#2957,.T.);
#3098=ADVANCED_FACE('',(#362),#195,.T.);
#3099=ADVANCED_FACE('',(#363),#2958,.T.);
#3100=ADVANCED_FACE('',(#364),#2959,.T.);
#3101=ADVANCED_FACE('',(#365),#196,.T.);
#3102=ADVANCED_FACE('',(#366),#2960,.T.);
#3103=ADVANCED_FACE('',(#367),#2961,.T.);
#3104=ADVANCED_FACE('',(#368),#197,.T.);
#3105=ADVANCED_FACE('',(#369),#2962,.T.);
#3106=ADVANCED_FACE('',(#370),#198,.T.);
#3107=ADVANCED_FACE('',(#371),#2963,.T.);
#3108=ADVANCED_FACE('',(#372),#199,.T.);
#3109=ADVANCED_FACE('',(#373),#200,.T.);
#3110=ADVANCED_FACE('',(#374),#201,.T.);
#3111=ADVANCED_FACE('',(#375),#202,.T.);
#3112=ADVANCED_FACE('',(#376),#203,.T.);
#3113=ADVANCED_FACE('',(#377),#2964,.T.);
#3114=ADVANCED_FACE('',(#378),#204,.T.);
#3115=ADVANCED_FACE('',(#379,#89,#90,#91,#92,#93,#94),#205,.T.);
#3116=ADVANCED_FACE('',(#380,#95,#96,#97,#98,#99,#100),#206,.F.);
#3117=ADVANCED_FACE('',(#381),#2965,.T.);
#3118=ADVANCED_FACE('',(#382),#207,.T.);
#3119=ADVANCED_FACE('',(#383,#101,#102),#208,.F.);
#3120=ADVANCED_FACE('',(#384),#2966,.T.);
#3121=ADVANCED_FACE('',(#385),#2967,.F.);
#3122=ADVANCED_FACE('',(#386),#2968,.F.);
#3123=ADVANCED_FACE('',(#387),#209,.T.);
#3124=ADVANCED_FACE('',(#388,#103,#104),#210,.T.);
#3125=ADVANCED_FACE('',(#389),#211,.F.);
#3126=ADVANCED_FACE('',(#390),#2969,.F.);
#3127=ADVANCED_FACE('',(#391),#212,.T.);
#3128=ADVANCED_FACE('',(#392),#213,.F.);
#3129=ADVANCED_FACE('',(#393),#214,.T.);
#3130=ADVANCED_FACE('',(#394),#215,.T.);
#3131=ADVANCED_FACE('',(#395),#216,.T.);
#3132=ADVANCED_FACE('',(#396),#217,.T.);
#3133=ADVANCED_FACE('',(#397),#218,.T.);
#3134=ADVANCED_FACE('',(#398),#219,.T.);
#3135=ADVANCED_FACE('',(#399),#220,.T.);
#3136=ADVANCED_FACE('',(#400),#221,.T.);
#3137=ADVANCED_FACE('',(#401),#222,.T.);
#3138=ADVANCED_FACE('',(#402),#223,.T.);
#3139=ADVANCED_FACE('',(#403),#224,.T.);
#3140=ADVANCED_FACE('',(#404),#225,.T.);
#3141=ADVANCED_FACE('',(#405),#226,.F.);
#3142=ADVANCED_FACE('',(#406),#227,.T.);
#3143=ADVANCED_FACE('',(#407),#228,.T.);
#3144=ADVANCED_FACE('',(#408),#229,.T.);
#3145=ADVANCED_FACE('',(#409),#2970,.F.);
#3146=ADVANCED_FACE('',(#410),#230,.T.);
#3147=ADVANCED_FACE('',(#411),#231,.T.);
#3148=ADVANCED_FACE('',(#412),#232,.T.);
#3149=ADVANCED_FACE('',(#413),#233,.T.);
#3150=ADVANCED_FACE('',(#414),#234,.F.);
#3151=CLOSED_SHELL('',(#2971,#2972,#2973,#2974,#2975,#2976,#2977,#2978,
#2979,#2980,#2981,#2982,#2983,#2984,#2985,#2986,#2987,#2988,#2989,#2990,
#2991));
#3152=CLOSED_SHELL('',(#2992,#2993,#2994,#2995,#2996,#2997,#2998,#2999,
#3000,#3001,#3002,#3003,#3004,#3005,#3006,#3007));
#3153=CLOSED_SHELL('',(#3008,#3009,#3010,#3011,#3012,#3013,#3014,#3015,
#3016));
#3154=CLOSED_SHELL('',(#3017,#3018,#3019,#3020,#3021,#3022,#3023));
#3155=CLOSED_SHELL('',(#3024,#3025,#3026,#3027,#3028,#3029,#3030));
#3156=CLOSED_SHELL('',(#3031,#3032,#3033,#3034,#3035,#3036,#3037));
#3157=CLOSED_SHELL('',(#3038,#3039,#3040,#3041,#3042,#3043,#3044));
#3158=CLOSED_SHELL('',(#3045,#3046,#3047,#3048,#3049,#3050,#3051,#3052));
#3159=CLOSED_SHELL('',(#3053,#3054,#3055,#3056,#3057,#3058,#3059,#3060));
#3160=CLOSED_SHELL('',(#3061,#3062,#3063,#3064,#3065,#3066,#3067,#3068));
#3161=CLOSED_SHELL('',(#3069,#3070,#3071,#3072,#3073,#3074,#3075,#3076));
#3162=CLOSED_SHELL('',(#3077,#3078,#3079,#3080,#3081,#3082,#3083));
#3163=CLOSED_SHELL('',(#3084,#3085,#3086,#3087,#3088,#3089,#3090));
#3164=CLOSED_SHELL('',(#3091,#3092,#3093,#3094,#3095,#3096,#3097,#3098,
#3099,#3100,#3101,#3102,#3103,#3104,#3105,#3106,#3107,#3108,#3109,#3110,
#3111,#3112,#3113,#3114,#3115,#3116));
#3165=CLOSED_SHELL('',(#3117,#3118,#3119,#3120,#3121,#3122,#3123,#3124));
#3166=CLOSED_SHELL('',(#3125,#3126,#3127,#3128,#3129,#3130,#3131,#3132,
#3133,#3134));
#3167=CLOSED_SHELL('',(#3135,#3136,#3137,#3138,#3139,#3140));
#3168=CLOSED_SHELL('',(#3141,#3142,#3143,#3144,#3145,#3146,#3147,#3148,
#3149,#3150));
#3169=DERIVED_UNIT_ELEMENT(#3171,1.);
#3170=DERIVED_UNIT_ELEMENT(#5250,-3.);
#3171=(
MASS_UNIT()
NAMED_UNIT(*)
SI_UNIT(.KILO.,.GRAM.)
);
#3172=DERIVED_UNIT((#3169,#3170));
#3173=MEASURE_REPRESENTATION_ITEM('density measure',
POSITIVE_RATIO_MEASURE(7850.),#3172);
#3174=PROPERTY_DEFINITION_REPRESENTATION(#3179,#3176);
#3175=PROPERTY_DEFINITION_REPRESENTATION(#3180,#3177);
#3176=REPRESENTATION('material name',(#3178),#5246);
#3177=REPRESENTATION('density',(#3173),#5246);
#3178=DESCRIPTIVE_REPRESENTATION_ITEM('Steel','Steel');
#3179=PROPERTY_DEFINITION('material property','material name',#5266);
#3180=PROPERTY_DEFINITION('material property','density of part',#5266);
#3181=AXIS2_PLACEMENT_3D('',#4356,#3466,#3467);
#3182=AXIS2_PLACEMENT_3D('',#4357,#3468,#3469);
#3183=AXIS2_PLACEMENT_3D('',#4358,#3470,#3471);
#3184=AXIS2_PLACEMENT_3D('',#4361,#3472,#3473);
#3185=AXIS2_PLACEMENT_3D('',#4365,#3475,#3476);
#3186=AXIS2_PLACEMENT_3D('',#4367,#3478,#3479);
#3187=AXIS2_PLACEMENT_3D('',#4373,#3483,#3484);
#3188=AXIS2_PLACEMENT_3D('',#4380,#3488,#3489);
#3189=AXIS2_PLACEMENT_3D('',#4397,#3497,#3498);
#3190=AXIS2_PLACEMENT_3D('',#4401,#3500,#3501);
#3191=AXIS2_PLACEMENT_3D('',#4406,#3504,#3505);
#3192=AXIS2_PLACEMENT_3D('',#4407,#3506,#3507);
#3193=AXIS2_PLACEMENT_3D('',#4410,#3509,#3510);
#3194=AXIS2_PLACEMENT_3D('',#4411,#3511,#3512);
#3195=AXIS2_PLACEMENT_3D('',#4414,#3514,#3515);
#3196=AXIS2_PLACEMENT_3D('',#4415,#3516,#3517);
#3197=AXIS2_PLACEMENT_3D('',#4421,#3521,#3522);
#3198=AXIS2_PLACEMENT_3D('',#4425,#3525,#3526);
#3199=AXIS2_PLACEMENT_3D('',#4427,#3527,#3528);
#3200=AXIS2_PLACEMENT_3D('',#4429,#3530,#3531);
#3201=AXIS2_PLACEMENT_3D('',#4433,#3534,#3535);
#3202=AXIS2_PLACEMENT_3D('',#4435,#3536,#3537);
#3203=AXIS2_PLACEMENT_3D('',#4437,#3539,#3540);
#3204=AXIS2_PLACEMENT_3D('',#4441,#3543,#3544);
#3205=AXIS2_PLACEMENT_3D('',#4445,#3547,#3548);
#3206=AXIS2_PLACEMENT_3D('',#4447,#3550,#3551);
#3207=AXIS2_PLACEMENT_3D('',#4453,#3555,#3556);
#3208=AXIS2_PLACEMENT_3D('',#4457,#3559,#3560);
#3209=AXIS2_PLACEMENT_3D('',#4461,#3563,#3564);
#3210=AXIS2_PLACEMENT_3D('',#4463,#3566,#3567);
#3211=AXIS2_PLACEMENT_3D('',#4467,#3570,#3571);
#3212=AXIS2_PLACEMENT_3D('',#4471,#3574,#3575);
#3213=AXIS2_PLACEMENT_3D('',#4473,#3577,#3578);
#3214=AXIS2_PLACEMENT_3D('',#4474,#3579,#3580);
#3215=AXIS2_PLACEMENT_3D('',#4477,#3581,#3582);
#3216=AXIS2_PLACEMENT_3D('',#4481,#3584,#3585);
#3217=AXIS2_PLACEMENT_3D('',#4483,#3587,#3588);
#3218=AXIS2_PLACEMENT_3D('',#4489,#3592,#3593);
#3219=AXIS2_PLACEMENT_3D('',#4496,#3597,#3598);
#3220=AXIS2_PLACEMENT_3D('',#4505,#3603,#3604);
#3221=AXIS2_PLACEMENT_3D('',#4507,#3605,#3606);
#3222=AXIS2_PLACEMENT_3D('',#4509,#3608,#3609);
#3223=AXIS2_PLACEMENT_3D('',#4518,#3614,#3615);
#3224=AXIS2_PLACEMENT_3D('',#4524,#3619,#3620);
#3225=AXIS2_PLACEMENT_3D('',#4530,#3624,#3625);
#3226=AXIS2_PLACEMENT_3D('',#4533,#3628,#3629);
#3227=AXIS2_PLACEMENT_3D('',#4539,#3633,#3634);
#3228=AXIS2_PLACEMENT_3D('',#4543,#3637,#3638);
#3229=AXIS2_PLACEMENT_3D('',#4547,#3641,#3642);
#3230=AXIS2_PLACEMENT_3D('',#4549,#3644,#3645);
#3231=AXIS2_PLACEMENT_3D('',#4553,#3648,#3649);
#3232=AXIS2_PLACEMENT_3D('',#4557,#3652,#3653);
#3233=AXIS2_PLACEMENT_3D('',#4559,#3655,#3656);
#3234=AXIS2_PLACEMENT_3D('',#4560,#3657,#3658);
#3235=AXIS2_PLACEMENT_3D('',#4563,#3659,#3660);
#3236=AXIS2_PLACEMENT_3D('',#4567,#3662,#3663);
#3237=AXIS2_PLACEMENT_3D('',#4569,#3665,#3666);
#3238=AXIS2_PLACEMENT_3D('',#4577,#3671,#3672);
#3239=AXIS2_PLACEMENT_3D('',#4581,#3675,#3676);
#3240=AXIS2_PLACEMENT_3D('',#4583,#3677,#3678);
#3241=AXIS2_PLACEMENT_3D('',#4586,#3680,#3681);
#3242=AXIS2_PLACEMENT_3D('',#4587,#3682,#3683);
#3243=AXIS2_PLACEMENT_3D('',#4589,#3684,#3685);
#3244=AXIS2_PLACEMENT_3D('',#4592,#3687,#3688);
#3245=AXIS2_PLACEMENT_3D('',#4593,#3689,#3690);
#3246=AXIS2_PLACEMENT_3D('',#4599,#3694,#3695);
#3247=AXIS2_PLACEMENT_3D('',#4602,#3698,#3699);
#3248=AXIS2_PLACEMENT_3D('',#4603,#3700,#3701);
#3249=AXIS2_PLACEMENT_3D('',#4604,#3702,#3703);
#3250=AXIS2_PLACEMENT_3D('',#4606,#3704,#3705);
#3251=AXIS2_PLACEMENT_3D('',#4609,#3707,#3708);
#3252=AXIS2_PLACEMENT_3D('',#4610,#3709,#3710);
#3253=AXIS2_PLACEMENT_3D('',#4619,#3715,#3716);
#3254=AXIS2_PLACEMENT_3D('',#4625,#3720,#3721);
#3255=AXIS2_PLACEMENT_3D('',#4627,#3722,#3723);
#3256=AXIS2_PLACEMENT_3D('',#4629,#3724,#3725);
#3257=AXIS2_PLACEMENT_3D('',#4631,#3727,#3728);
#3258=AXIS2_PLACEMENT_3D('',#4634,#3731,#3732);
#3259=AXIS2_PLACEMENT_3D('',#4635,#3733,#3734);
#3260=AXIS2_PLACEMENT_3D('',#4636,#3735,#3736);
#3261=AXIS2_PLACEMENT_3D('',#4638,#3737,#3738);
#3262=AXIS2_PLACEMENT_3D('',#4641,#3740,#3741);
#3263=AXIS2_PLACEMENT_3D('',#4642,#3742,#3743);
#3264=AXIS2_PLACEMENT_3D('',#4651,#3748,#3749);
#3265=AXIS2_PLACEMENT_3D('',#4657,#3753,#3754);
#3266=AXIS2_PLACEMENT_3D('',#4659,#3755,#3756);
#3267=AXIS2_PLACEMENT_3D('',#4661,#3757,#3758);
#3268=AXIS2_PLACEMENT_3D('',#4663,#3760,#3761);
#3269=AXIS2_PLACEMENT_3D('',#4666,#3764,#3765);
#3270=AXIS2_PLACEMENT_3D('',#4667,#3766,#3767);
#3271=AXIS2_PLACEMENT_3D('',#4668,#3768,#3769);
#3272=AXIS2_PLACEMENT_3D('',#4670,#3770,#3771);
#3273=AXIS2_PLACEMENT_3D('',#4673,#3773,#3774);
#3274=AXIS2_PLACEMENT_3D('',#4674,#3775,#3776);
#3275=AXIS2_PLACEMENT_3D('',#4683,#3781,#3782);
#3276=AXIS2_PLACEMENT_3D('',#4689,#3786,#3787);
#3277=AXIS2_PLACEMENT_3D('',#4691,#3788,#3789);
#3278=AXIS2_PLACEMENT_3D('',#4693,#3790,#3791);
#3279=AXIS2_PLACEMENT_3D('',#4695,#3793,#3794);
#3280=AXIS2_PLACEMENT_3D('',#4698,#3797,#3798);
#3281=AXIS2_PLACEMENT_3D('',#4699,#3799,#3800);
#3282=AXIS2_PLACEMENT_3D('',#4700,#3801,#3802);
#3283=AXIS2_PLACEMENT_3D('',#4702,#3803,#3804);
#3284=AXIS2_PLACEMENT_3D('',#4705,#3806,#3807);
#3285=AXIS2_PLACEMENT_3D('',#4706,#3808,#3809);
#3286=AXIS2_PLACEMENT_3D('',#4715,#3814,#3815);
#3287=AXIS2_PLACEMENT_3D('',#4721,#3819,#3820);
#3288=AXIS2_PLACEMENT_3D('',#4723,#3821,#3822);
#3289=AXIS2_PLACEMENT_3D('',#4725,#3823,#3824);
#3290=AXIS2_PLACEMENT_3D('',#4727,#3826,#3827);
#3291=AXIS2_PLACEMENT_3D('',#4730,#3830,#3831);
#3292=AXIS2_PLACEMENT_3D('',#4731,#3832,#3833);
#3293=AXIS2_PLACEMENT_3D('',#4732,#3834,#3835);
#3294=AXIS2_PLACEMENT_3D('',#4734,#3836,#3837);
#3295=AXIS2_PLACEMENT_3D('',#4737,#3839,#3840);
#3296=AXIS2_PLACEMENT_3D('',#4738,#3841,#3842);
#3297=AXIS2_PLACEMENT_3D('',#4739,#3843,#3844);
#3298=AXIS2_PLACEMENT_3D('',#4748,#3849,#3850);
#3299=AXIS2_PLACEMENT_3D('',#4754,#3854,#3855);
#3300=AXIS2_PLACEMENT_3D('',#4756,#3856,#3857);
#3301=AXIS2_PLACEMENT_3D('',#4758,#3858,#3859);
#3302=AXIS2_PLACEMENT_3D('',#4760,#3861,#3862);
#3303=AXIS2_PLACEMENT_3D('',#4763,#3865,#3866);
#3304=AXIS2_PLACEMENT_3D('',#4764,#3867,#3868);
#3305=AXIS2_PLACEMENT_3D('',#4765,#3869,#3870);
#3306=AXIS2_PLACEMENT_3D('',#4767,#3871,#3872);
#3307=AXIS2_PLACEMENT_3D('',#4770,#3874,#3875);
#3308=AXIS2_PLACEMENT_3D('',#4771,#3876,#3877);
#3309=AXIS2_PLACEMENT_3D('',#4772,#3878,#3879);
#3310=AXIS2_PLACEMENT_3D('',#4781,#3884,#3885);
#3311=AXIS2_PLACEMENT_3D('',#4787,#3889,#3890);
#3312=AXIS2_PLACEMENT_3D('',#4789,#3891,#3892);
#3313=AXIS2_PLACEMENT_3D('',#4791,#3893,#3894);
#3314=AXIS2_PLACEMENT_3D('',#4793,#3896,#3897);
#3315=AXIS2_PLACEMENT_3D('',#4796,#3900,#3901);
#3316=AXIS2_PLACEMENT_3D('',#4797,#3902,#3903);
#3317=AXIS2_PLACEMENT_3D('',#4798,#3904,#3905);
#3318=AXIS2_PLACEMENT_3D('',#4800,#3906,#3907);
#3319=AXIS2_PLACEMENT_3D('',#4803,#3909,#3910);
#3320=AXIS2_PLACEMENT_3D('',#4804,#3911,#3912);
#3321=AXIS2_PLACEMENT_3D('',#4805,#3913,#3914);
#3322=AXIS2_PLACEMENT_3D('',#4814,#3919,#3920);
#3323=AXIS2_PLACEMENT_3D('',#4820,#3924,#3925);
#3324=AXIS2_PLACEMENT_3D('',#4822,#3926,#3927);
#3325=AXIS2_PLACEMENT_3D('',#4824,#3928,#3929);
#3326=AXIS2_PLACEMENT_3D('',#4826,#3931,#3932);
#3327=AXIS2_PLACEMENT_3D('',#4829,#3935,#3936);
#3328=AXIS2_PLACEMENT_3D('',#4830,#3937,#3938);
#3329=AXIS2_PLACEMENT_3D('',#4831,#3939,#3940);
#3330=AXIS2_PLACEMENT_3D('',#4833,#3941,#3942);
#3331=AXIS2_PLACEMENT_3D('',#4836,#3944,#3945);
#3332=AXIS2_PLACEMENT_3D('',#4837,#3946,#3947);
#3333=AXIS2_PLACEMENT_3D('',#4838,#3948,#3949);
#3334=AXIS2_PLACEMENT_3D('',#4847,#3954,#3955);
#3335=AXIS2_PLACEMENT_3D('',#4853,#3959,#3960);
#3336=AXIS2_PLACEMENT_3D('',#4855,#3961,#3962);
#3337=AXIS2_PLACEMENT_3D('',#4857,#3963,#3964);
#3338=AXIS2_PLACEMENT_3D('',#4859,#3966,#3967);
#3339=AXIS2_PLACEMENT_3D('',#4862,#3970,#3971);
#3340=AXIS2_PLACEMENT_3D('',#4863,#3972,#3973);
#3341=AXIS2_PLACEMENT_3D('',#4864,#3974,#3975);
#3342=AXIS2_PLACEMENT_3D('',#4866,#3976,#3977);
#3343=AXIS2_PLACEMENT_3D('',#4869,#3979,#3980);
#3344=AXIS2_PLACEMENT_3D('',#4870,#3981,#3982);
#3345=AXIS2_PLACEMENT_3D('',#4879,#3987,#3988);
#3346=AXIS2_PLACEMENT_3D('',#4885,#3992,#3993);
#3347=AXIS2_PLACEMENT_3D('',#4891,#3997,#3998);
#3348=AXIS2_PLACEMENT_3D('',#4892,#3999,#4000);
#3349=AXIS2_PLACEMENT_3D('',#4893,#4001,#4002);
#3350=AXIS2_PLACEMENT_3D('',#4894,#4003,#4004);
#3351=AXIS2_PLACEMENT_3D('',#4895,#4005,#4006);
#3352=AXIS2_PLACEMENT_3D('',#4896,#4007,#4008);
#3353=AXIS2_PLACEMENT_3D('',#4898,#4009,#4010);
#3354=AXIS2_PLACEMENT_3D('',#4901,#4012,#4013);
#3355=AXIS2_PLACEMENT_3D('',#4902,#4014,#4015);
#3356=AXIS2_PLACEMENT_3D('',#4911,#4020,#4021);
#3357=AXIS2_PLACEMENT_3D('',#4917,#4025,#4026);
#3358=AXIS2_PLACEMENT_3D('',#4923,#4030,#4031);
#3359=AXIS2_PLACEMENT_3D('',#4924,#4032,#4033);
#3360=AXIS2_PLACEMENT_3D('',#4925,#4034,#4035);
#3361=AXIS2_PLACEMENT_3D('',#4926,#4036,#4037);
#3362=AXIS2_PLACEMENT_3D('',#4927,#4038,#4039);
#3363=AXIS2_PLACEMENT_3D('',#4928,#4040,#4041);
#3364=AXIS2_PLACEMENT_3D('',#4929,#4042,#4043);
#3365=AXIS2_PLACEMENT_3D('',#4931,#4044,#4045);
#3366=AXIS2_PLACEMENT_3D('',#4934,#4047,#4048);
#3367=AXIS2_PLACEMENT_3D('',#4935,#4049,#4050);
#3368=AXIS2_PLACEMENT_3D('',#4937,#4051,#4052);
#3369=AXIS2_PLACEMENT_3D('',#4940,#4054,#4055);
#3370=AXIS2_PLACEMENT_3D('',#4941,#4056,#4057);
#3371=AXIS2_PLACEMENT_3D('',#4943,#4058,#4059);
#3372=AXIS2_PLACEMENT_3D('',#4946,#4061,#4062);
#3373=AXIS2_PLACEMENT_3D('',#4947,#4063,#4064);
#3374=AXIS2_PLACEMENT_3D('',#4949,#4065,#4066);
#3375=AXIS2_PLACEMENT_3D('',#4952,#4068,#4069);
#3376=AXIS2_PLACEMENT_3D('',#4953,#4070,#4071);
#3377=AXIS2_PLACEMENT_3D('',#4955,#4072,#4073);
#3378=AXIS2_PLACEMENT_3D('',#4958,#4075,#4076);
#3379=AXIS2_PLACEMENT_3D('',#4959,#4077,#4078);
#3380=AXIS2_PLACEMENT_3D('',#4961,#4079,#4080);
#3381=AXIS2_PLACEMENT_3D('',#4964,#4082,#4083);
#3382=AXIS2_PLACEMENT_3D('',#4965,#4084,#4085);
#3383=AXIS2_PLACEMENT_3D('',#4968,#4086,#4087);
#3384=AXIS2_PLACEMENT_3D('',#4972,#4089,#4090);
#3385=AXIS2_PLACEMENT_3D('',#4974,#4092,#4093);
#3386=AXIS2_PLACEMENT_3D('',#4980,#4097,#4098);
#3387=AXIS2_PLACEMENT_3D('',#4982,#4099,#4100);
#3388=AXIS2_PLACEMENT_3D('',#4984,#4101,#4102);
#3389=AXIS2_PLACEMENT_3D('',#4986,#4104,#4105);
#3390=AXIS2_PLACEMENT_3D('',#4988,#4106,#4107);
#3391=AXIS2_PLACEMENT_3D('',#4990,#4108,#4109);
#3392=AXIS2_PLACEMENT_3D('',#4992,#4111,#4112);
#3393=AXIS2_PLACEMENT_3D('',#4998,#4116,#4117);
#3394=AXIS2_PLACEMENT_3D('',#5000,#4118,#4119);
#3395=AXIS2_PLACEMENT_3D('',#5002,#4120,#4121);
#3396=AXIS2_PLACEMENT_3D('',#5004,#4123,#4124);
#3397=AXIS2_PLACEMENT_3D('',#5006,#4125,#4126);
#3398=AXIS2_PLACEMENT_3D('',#5008,#4127,#4128);
#3399=AXIS2_PLACEMENT_3D('',#5010,#4130,#4131);
#3400=AXIS2_PLACEMENT_3D('',#5016,#4135,#4136);
#3401=AXIS2_PLACEMENT_3D('',#5018,#4137,#4138);
#3402=AXIS2_PLACEMENT_3D('',#5020,#4139,#4140);
#3403=AXIS2_PLACEMENT_3D('',#5022,#4142,#4143);
#3404=AXIS2_PLACEMENT_3D('',#5028,#4147,#4148);
#3405=AXIS2_PLACEMENT_3D('',#5030,#4149,#4150);
#3406=AXIS2_PLACEMENT_3D('',#5032,#4151,#4152);
#3407=AXIS2_PLACEMENT_3D('',#5034,#4154,#4155);
#3408=AXIS2_PLACEMENT_3D('',#5040,#4159,#4160);
#3409=AXIS2_PLACEMENT_3D('',#5046,#4164,#4165);
#3410=AXIS2_PLACEMENT_3D('',#5052,#4169,#4170);
#3411=AXIS2_PLACEMENT_3D('',#5058,#4174,#4175);
#3412=AXIS2_PLACEMENT_3D('',#5064,#4179,#4180);
#3413=AXIS2_PLACEMENT_3D('',#5066,#4181,#4182);
#3414=AXIS2_PLACEMENT_3D('',#5068,#4183,#4184);
#3415=AXIS2_PLACEMENT_3D('',#5070,#4186,#4187);
#3416=AXIS2_PLACEMENT_3D('',#5073,#4190,#4191);
#3417=AXIS2_PLACEMENT_3D('',#5074,#4192,#4193);
#3418=AXIS2_PLACEMENT_3D('',#5075,#4194,#4195);
#3419=AXIS2_PLACEMENT_3D('',#5078,#4196,#4197);
#3420=AXIS2_PLACEMENT_3D('',#5082,#4199,#4200);
#3421=AXIS2_PLACEMENT_3D('',#5084,#4202,#4203);
#3422=AXIS2_PLACEMENT_3D('',#5088,#4205,#4206);
#3423=AXIS2_PLACEMENT_3D('',#5090,#4208,#4209);
#3424=AXIS2_PLACEMENT_3D('',#5095,#4212,#4213);
#3425=AXIS2_PLACEMENT_3D('',#5097,#4214,#4215);
#3426=AXIS2_PLACEMENT_3D('',#5098,#4216,#4217);
#3427=AXIS2_PLACEMENT_3D('',#5100,#4218,#4219);
#3428=AXIS2_PLACEMENT_3D('',#5102,#4221,#4222);
#3429=AXIS2_PLACEMENT_3D('',#5105,#4224,#4225);
#3430=AXIS2_PLACEMENT_3D('',#5106,#4226,#4227);
#3431=AXIS2_PLACEMENT_3D('',#5109,#4229,#4230);
#3432=AXIS2_PLACEMENT_3D('',#5110,#4231,#4232);
#3433=AXIS2_PLACEMENT_3D('',#5112,#4234,#4235);
#3434=AXIS2_PLACEMENT_3D('',#5113,#4236,#4237);
#3435=AXIS2_PLACEMENT_3D('',#5116,#4238,#4239);
#3436=AXIS2_PLACEMENT_3D('',#5122,#4243,#4244);
#3437=AXIS2_PLACEMENT_3D('',#5126,#4246,#4247);
#3438=AXIS2_PLACEMENT_3D('',#5128,#4249,#4250);
#3439=AXIS2_PLACEMENT_3D('',#5137,#4255,#4256);
#3440=AXIS2_PLACEMENT_3D('',#5140,#4259,#4260);
#3441=AXIS2_PLACEMENT_3D('',#5146,#4264,#4265);
#3442=AXIS2_PLACEMENT_3D('',#5152,#4269,#4270);
#3443=AXIS2_PLACEMENT_3D('',#5158,#4274,#4275);
#3444=AXIS2_PLACEMENT_3D('',#5161,#4278,#4279);
#3445=AXIS2_PLACEMENT_3D('',#5162,#4280,#4281);
#3446=AXIS2_PLACEMENT_3D('',#5163,#4282,#4283);
#3447=AXIS2_PLACEMENT_3D('',#5172,#4288,#4289);
#3448=AXIS2_PLACEMENT_3D('',#5178,#4293,#4294);
#3449=AXIS2_PLACEMENT_3D('',#5184,#4298,#4299);
#3450=AXIS2_PLACEMENT_3D('',#5187,#4302,#4303);
#3451=AXIS2_PLACEMENT_3D('',#5188,#4304,#4305);
#3452=AXIS2_PLACEMENT_3D('',#5189,#4306,#4307);
#3453=AXIS2_PLACEMENT_3D('',#5194,#4309,#4310);
#3454=AXIS2_PLACEMENT_3D('',#5198,#4313,#4314);
#3455=AXIS2_PLACEMENT_3D('',#5207,#4319,#4320);
#3456=AXIS2_PLACEMENT_3D('',#5213,#4324,#4325);
#3457=AXIS2_PLACEMENT_3D('',#5216,#4328,#4329);
#3458=AXIS2_PLACEMENT_3D('',#5220,#4331,#4332);
#3459=AXIS2_PLACEMENT_3D('',#5222,#4334,#4335);
#3460=AXIS2_PLACEMENT_3D('',#5228,#4339,#4340);
#3461=AXIS2_PLACEMENT_3D('',#5234,#4344,#4345);
#3462=AXIS2_PLACEMENT_3D('',#5237,#4348,#4349);
#3463=AXIS2_PLACEMENT_3D('',#5238,#4350,#4351);
#3464=AXIS2_PLACEMENT_3D('',#5239,#4352,#4353);
#3465=AXIS2_PLACEMENT_3D('',#5240,#4354,#4355);
#3466=DIRECTION('axis',(0.,0.,1.));
#3467=DIRECTION('refdir',(1.,0.,0.));
#3468=DIRECTION('axis',(0.,0.,1.));
#3469=DIRECTION('refdir',(1.,0.,0.));
#3470=DIRECTION('center_axis',(7.36024943126817E-29,-1.,2.22044604925701E-16));
#3471=DIRECTION('ref_axis',(-0.707106781186547,1.57009245868799E-16,0.707106781186547));
#3472=DIRECTION('center_axis',(-7.36024943126817E-29,1.,-2.22044604925701E-16));
#3473=DIRECTION('ref_axis',(-0.707106781186547,1.57009245868799E-16,0.707106781186547));
#3474=DIRECTION('',(-7.36024943126817E-29,1.,-2.22044604925701E-16));
#3475=DIRECTION('center_axis',(7.36024943126817E-29,-1.,2.22044604925701E-16));
#3476=DIRECTION('ref_axis',(-0.707106781186547,1.57009245868799E-16,0.707106781186547));
#3477=DIRECTION('',(7.36024943126817E-29,-1.,2.22044604925701E-16));
#3478=DIRECTION('center_axis',(1.02711384678129E-28,2.22044604925701E-16,
1.));
#3479=DIRECTION('ref_axis',(-1.,-7.36024943126817E-29,1.02711384678129E-28));
#3480=DIRECTION('',(-1.,-7.36024943126817E-29,1.02711384678129E-28));
#3481=DIRECTION('',(7.36024943126817E-29,-1.,2.22044604925701E-16));
#3482=DIRECTION('',(1.,7.36024943126817E-29,-1.02711384678129E-28));
#3483=DIRECTION('center_axis',(7.36024943126817E-29,-1.,2.22044604925701E-16));
#3484=DIRECTION('ref_axis',(-1.,-7.36024943126817E-29,1.02711384678129E-28));
#3485=DIRECTION('',(-1.02711384678129E-28,-2.22044604925701E-16,-1.));
#3486=DIRECTION('',(1.,7.36024943126817E-29,-1.02711384678129E-28));
#3487=DIRECTION('',(1.02711384678129E-28,2.22044604925701E-16,1.));
#3488=DIRECTION('center_axis',(-7.36024943126817E-29,1.,-2.22044604925701E-16));
#3489=DIRECTION('ref_axis',(0.707106781186547,1.57009245868903E-16,0.707106781186547));
#3490=DIRECTION('',(-1.,-7.36024943126817E-29,1.02711384678129E-28));
#3491=DIRECTION('',(1.02711384678129E-28,2.22044604925701E-16,1.));
#3492=DIRECTION('',(1.,7.36024943126817E-29,-1.02711384678129E-28));
#3493=DIRECTION('',(-1.02711384678129E-28,-2.22044604925701E-16,-1.));
#3494=DIRECTION('',(1.02711384678129E-28,2.22044604925701E-16,1.));
#3495=DIRECTION('',(1.,7.36024943126817E-29,-1.02711384678129E-28));
#3496=DIRECTION('',(-1.02711384678129E-28,-2.22044604925701E-16,-1.));
#3497=DIRECTION('center_axis',(-7.36024943126817E-29,1.,-2.22044604925701E-16));
#3498=DIRECTION('ref_axis',(-1.,-7.36024943126817E-29,1.02711384678129E-28));
#3499=DIRECTION('',(-1.02711384678129E-28,-2.22044604925701E-16,-1.));
#3500=DIRECTION('center_axis',(-7.36024943126817E-29,1.,-2.22044604925701E-16));
#3501=DIRECTION('ref_axis',(-1.,-7.36024943126817E-29,1.02711384678129E-28));
#3502=DIRECTION('',(-1.02711384678129E-28,-2.22044604925701E-16,-1.));
#3503=DIRECTION('',(-1.,-7.36024943126817E-29,1.02711384678129E-28));
#3504=DIRECTION('center_axis',(-7.36024943126817E-29,1.,-2.22044604925701E-16));
#3505=DIRECTION('ref_axis',(-1.,-7.36024943126817E-29,1.02711384678129E-28));
#3506=DIRECTION('center_axis',(7.36024943126817E-29,-1.,2.22044604925701E-16));
#3507=DIRECTION('ref_axis',(0.707106781186547,1.57009245868903E-16,0.707106781186547));
#3508=DIRECTION('',(-7.36024943126817E-29,1.,-2.22044604925701E-16));
#3509=DIRECTION('center_axis',(7.36024943126817E-29,-1.,2.22044604925701E-16));
#3510=DIRECTION('ref_axis',(0.707106781186547,1.57009245868903E-16,0.707106781186547));
#3511=DIRECTION('center_axis',(7.36024943126817E-29,-1.,2.22044604925701E-16));
#3512=DIRECTION('ref_axis',(-1.,-7.36024943126817E-29,1.02711384678129E-28));
#3513=DIRECTION('',(-7.36024943126817E-29,1.,-2.22044604925701E-16));
#3514=DIRECTION('center_axis',(-7.36024943126817E-29,1.,-2.22044604925701E-16));
#3515=DIRECTION('ref_axis',(-1.,-7.36024943126817E-29,1.02711384678129E-28));
#3516=DIRECTION('center_axis',(1.02711384678129E-28,2.22044604925701E-16,
1.));
#3517=DIRECTION('ref_axis',(-1.,-7.36024943126817E-29,1.02711384678129E-28));
#3518=DIRECTION('',(-1.,-7.36024943126817E-29,1.02711384678129E-28));
#3519=DIRECTION('',(7.36024943126817E-29,-1.,2.22044604925701E-16));
#3520=DIRECTION('',(7.36024943126817E-29,-1.,2.22044604925701E-16));
#3521=DIRECTION('center_axis',(-1.,-7.36024943126817E-29,1.02711384678129E-28));
#3522=DIRECTION('ref_axis',(-1.02711384678129E-28,-2.22044604925701E-16,
-1.));
#3523=DIRECTION('',(-1.02711384678129E-28,-2.22044604925701E-16,-1.));
#3524=DIRECTION('',(7.36024943126817E-29,-1.,2.22044604925701E-16));
#3525=DIRECTION('center_axis',(7.36024943126817E-29,-1.,2.22044604925701E-16));
#3526=DIRECTION('ref_axis',(1.,7.35753016912127E-29,-1.22464679914838E-16));
#3527=DIRECTION('center_axis',(-7.36024943126817E-29,1.,-2.22044604925701E-16));
#3528=DIRECTION('ref_axis',(-1.,-7.36024943126817E-29,1.02711384678129E-28));
#3529=DIRECTION('',(7.36024943126817E-29,-1.,2.22044604925701E-16));
#3530=DIRECTION('center_axis',(-1.,-7.36024943126817E-29,1.02711384678129E-28));
#3531=DIRECTION('ref_axis',(-1.02711384678129E-28,-2.22044604925701E-16,
-1.));
#3532=DIRECTION('',(-1.02711384678129E-28,-2.22044604925701E-16,-1.));
#3533=DIRECTION('',(7.36024943126817E-29,-1.,2.22044604925701E-16));
#3534=DIRECTION('center_axis',(7.36024943126817E-29,-1.,2.22044604925701E-16));
#3535=DIRECTION('ref_axis',(1.,7.35753016912127E-29,-1.22464679914838E-16));
#3536=DIRECTION('center_axis',(-7.36024943126817E-29,1.,-2.22044604925701E-16));
#3537=DIRECTION('ref_axis',(-1.,-7.36024943126817E-29,1.02711384678129E-28));
#3538=DIRECTION('',(7.36024943126817E-29,-1.,2.22044604925701E-16));
#3539=DIRECTION('center_axis',(-1.,-7.36024943126817E-29,1.02711384678129E-28));
#3540=DIRECTION('ref_axis',(-1.02711384678129E-28,-2.22044604925701E-16,
-1.));
#3541=DIRECTION('',(-1.02711384678129E-28,-2.22044604925701E-16,-1.));
#3542=DIRECTION('',(7.36024943126817E-29,-1.,2.22044604925701E-16));
#3543=DIRECTION('center_axis',(-1.02711384678129E-28,-2.22044604925701E-16,
-1.));
#3544=DIRECTION('ref_axis',(1.,7.36024943126817E-29,-1.02711384678129E-28));
#3545=DIRECTION('',(1.,7.36024943126817E-29,-1.02711384678129E-28));
#3546=DIRECTION('',(7.36024943126817E-29,-1.,2.22044604925701E-16));
#3547=DIRECTION('center_axis',(1.,7.36024943126817E-29,-1.02711384678129E-28));
#3548=DIRECTION('ref_axis',(1.02711384678129E-28,2.22044604925701E-16,1.));
#3549=DIRECTION('',(1.02711384678129E-28,2.22044604925701E-16,1.));
#3550=DIRECTION('center_axis',(-1.,-7.36024943126817E-29,1.02711384678129E-28));
#3551=DIRECTION('ref_axis',(-1.02711384678129E-28,-2.22044604925701E-16,
-1.));
#3552=DIRECTION('',(-1.02711384678129E-28,-2.22044604925701E-16,-1.));
#3553=DIRECTION('',(7.36024943126817E-29,-1.,2.22044604925701E-16));
#3554=DIRECTION('',(7.36024943126817E-29,-1.,2.22044604925701E-16));
#3555=DIRECTION('center_axis',(-1.02711384678129E-28,-2.22044604925701E-16,
-1.));
#3556=DIRECTION('ref_axis',(1.,7.36024943126817E-29,-1.02711384678129E-28));
#3557=DIRECTION('',(1.,7.36024943126817E-29,-1.02711384678129E-28));
#3558=DIRECTION('',(7.36024943126817E-29,-1.,2.22044604925701E-16));
#3559=DIRECTION('center_axis',(1.,7.36024943126817E-29,-1.02711384678129E-28));
#3560=DIRECTION('ref_axis',(1.02711384678129E-28,2.22044604925701E-16,1.));
#3561=DIRECTION('',(1.02711384678129E-28,2.22044604925701E-16,1.));
#3562=DIRECTION('',(7.36024943126817E-29,-1.,2.22044604925701E-16));
#3563=DIRECTION('center_axis',(1.02711384678129E-28,2.22044604925701E-16,
1.));
#3564=DIRECTION('ref_axis',(-1.,-7.36024943126817E-29,1.02711384678129E-28));
#3565=DIRECTION('',(-1.,-7.36024943126817E-29,1.02711384678129E-28));
#3566=DIRECTION('center_axis',(1.,7.36024943126817E-29,-1.02711384678129E-28));
#3567=DIRECTION('ref_axis',(1.02711384678129E-28,2.22044604925701E-16,1.));
#3568=DIRECTION('',(7.36024943126817E-29,-1.,2.22044604925701E-16));
#3569=DIRECTION('',(-1.02711384678129E-28,-2.22044604925701E-16,-1.));
#3570=DIRECTION('center_axis',(-1.02711384678129E-28,-2.22044604925701E-16,
-1.));
#3571=DIRECTION('ref_axis',(1.,7.36024943126817E-29,-1.02711384678129E-28));
#3572=DIRECTION('',(-1.,-7.36024943126817E-29,1.02711384678129E-28));
#3573=DIRECTION('',(7.36024943126817E-29,-1.,2.22044604925701E-16));
#3574=DIRECTION('center_axis',(-1.,-7.36024943126817E-29,1.02711384678129E-28));
#3575=DIRECTION('ref_axis',(-1.02711384678129E-28,-2.22044604925701E-16,
-1.));
#3576=DIRECTION('',(1.02711384678129E-28,2.22044604925701E-16,1.));
#3577=DIRECTION('center_axis',(7.36024943126817E-29,-1.,2.22044604925701E-16));
#3578=DIRECTION('ref_axis',(-1.,-7.36024943126817E-29,1.02711384678129E-28));
#3579=DIRECTION('center_axis',(2.12815258853545E-30,1.,-2.220446049257E-16));
#3580=DIRECTION('ref_axis',(-0.707106781186547,1.57009245868852E-16,0.707106781186547));
#3581=DIRECTION('center_axis',(-2.12815258853545E-30,-1.,2.220446049257E-16));
#3582=DIRECTION('ref_axis',(-0.707106781186547,1.57009245868852E-16,0.707106781186547));
#3583=DIRECTION('',(-2.12815258853545E-30,-1.,2.220446049257E-16));
#3584=DIRECTION('center_axis',(2.12815258853545E-30,1.,-2.220446049257E-16));
#3585=DIRECTION('ref_axis',(-0.707106781186547,1.57009245868852E-16,0.707106781186547));
#3586=DIRECTION('',(2.12815258853545E-30,1.,-2.220446049257E-16));
#3587=DIRECTION('center_axis',(6.62982124056299E-30,2.220446049257E-16,
1.));
#3588=DIRECTION('ref_axis',(1.,-2.12815258853545E-30,-6.62982124056299E-30));
#3589=DIRECTION('',(1.,-2.12815258853545E-30,-6.62982124056299E-30));
#3590=DIRECTION('',(-2.12815258853545E-30,-1.,2.220446049257E-16));
#3591=DIRECTION('',(1.,-2.12815258853545E-30,-6.62982124056299E-30));
#3592=DIRECTION('center_axis',(-2.12815258853545E-30,-1.,2.220446049257E-16));
#3593=DIRECTION('ref_axis',(-1.,2.12815258853545E-30,6.62982124056299E-30));
#3594=DIRECTION('',(6.62982124056299E-30,2.220446049257E-16,1.));
#3595=DIRECTION('',(-1.,2.12815258853545E-30,6.62982124056299E-30));
#3596=DIRECTION('',(-6.62982124056299E-30,-2.220446049257E-16,-1.));
#3597=DIRECTION('center_axis',(2.12815258853545E-30,1.,-2.220446049257E-16));
#3598=DIRECTION('ref_axis',(0.707106781186547,1.57009245868849E-16,0.707106781186547));
#3599=DIRECTION('',(6.62982124056299E-30,2.220446049257E-16,1.));
#3600=DIRECTION('',(1.,-2.17620698091017E-30,-2.16417743591655E-16));
#3601=DIRECTION('',(-6.62982124056299E-30,-2.220446049257E-16,-1.));
#3602=DIRECTION('',(-1.,2.12815258853545E-30,6.62982124056299E-30));
#3603=DIRECTION('center_axis',(2.12815258853545E-30,1.,-2.220446049257E-16));
#3604=DIRECTION('ref_axis',(0.707106781186547,1.57009245868849E-16,0.707106781186547));
#3605=DIRECTION('center_axis',(-2.12815258853545E-30,-1.,2.220446049257E-16));
#3606=DIRECTION('ref_axis',(0.707106781186547,1.57009245868849E-16,0.707106781186547));
#3607=DIRECTION('',(2.12815258853545E-30,1.,-2.220446049257E-16));
#3608=DIRECTION('center_axis',(6.62982124056299E-30,2.220446049257E-16,
1.));
#3609=DIRECTION('ref_axis',(-2.12815258853545E-30,-1.,2.220446049257E-16));
#3610=DIRECTION('',(2.12815258853545E-30,1.,-2.220446049257E-16));
#3611=DIRECTION('',(1.,-2.12815258853545E-30,-6.62982124056299E-30));
#3612=DIRECTION('',(-2.12815258853545E-30,-1.,2.220446049257E-16));
#3613=DIRECTION('',(1.,-2.12815258853545E-30,-6.62982124056299E-30));
#3614=DIRECTION('center_axis',(2.12815258853545E-30,1.,-2.220446049257E-16));
#3615=DIRECTION('ref_axis',(6.62982124056299E-30,2.220446049257E-16,1.));
#3616=DIRECTION('',(-6.62982124056299E-30,-2.220446049257E-16,-1.));
#3617=DIRECTION('',(6.62982124056299E-30,2.220446049257E-16,1.));
#3618=DIRECTION('',(1.,-2.12815258853545E-30,-6.62982124056299E-30));
#3619=DIRECTION('center_axis',(-6.62982124056299E-30,-2.220446049257E-16,
-1.));
#3620=DIRECTION('ref_axis',(2.12815258853545E-30,1.,-2.220446049257E-16));
#3621=DIRECTION('',(-2.12815258853545E-30,-1.,2.220446049257E-16));
#3622=DIRECTION('',(2.12815258853545E-30,1.,-2.220446049257E-16));
#3623=DIRECTION('',(1.,-2.12815258853545E-30,-6.62982124056299E-30));
#3624=DIRECTION('center_axis',(-2.12815258853545E-30,-1.,2.220446049257E-16));
#3625=DIRECTION('ref_axis',(-6.62982124056299E-30,-2.220446049257E-16,-1.));
#3626=DIRECTION('',(6.62982124056299E-30,2.220446049257E-16,1.));
#3627=DIRECTION('',(-6.62982124056299E-30,-2.220446049257E-16,-1.));
#3628=DIRECTION('center_axis',(-2.16417743591655E-16,-2.220446049257E-16,
-1.));
#3629=DIRECTION('ref_axis',(-1.,2.17620698091017E-30,2.16417743591655E-16));
#3630=DIRECTION('',(2.12815258853545E-30,1.,-2.220446049257E-16));
#3631=DIRECTION('',(-1.,2.17620698091017E-30,2.16417743591655E-16));
#3632=DIRECTION('',(2.12815258853545E-30,1.,-2.220446049257E-16));
#3633=DIRECTION('center_axis',(-1.,2.12815258853545E-30,6.62982124056299E-30));
#3634=DIRECTION('ref_axis',(6.62982124056299E-30,2.220446049257E-16,1.));
#3635=DIRECTION('',(6.62982124056299E-30,2.220446049257E-16,1.));
#3636=DIRECTION('',(2.12815258853545E-30,1.,-2.220446049257E-16));
#3637=DIRECTION('center_axis',(6.62982124056299E-30,2.220446049257E-16,
1.));
#3638=DIRECTION('ref_axis',(1.,-2.12815258853545E-30,-6.62982124056299E-30));
#3639=DIRECTION('',(1.,-2.12815258853545E-30,-6.62982124056299E-30));
#3640=DIRECTION('',(2.12815258853545E-30,1.,-2.220446049257E-16));
#3641=DIRECTION('center_axis',(1.,-2.12815258853545E-30,-6.62982124056299E-30));
#3642=DIRECTION('ref_axis',(-6.62982124056299E-30,-2.220446049257E-16,-1.));
#3643=DIRECTION('',(-6.62982124056299E-30,-2.220446049257E-16,-1.));
#3644=DIRECTION('center_axis',(-1.,2.12815258853545E-30,6.62982124056299E-30));
#3645=DIRECTION('ref_axis',(6.62982124056299E-30,2.220446049257E-16,1.));
#3646=DIRECTION('',(6.62982124056299E-30,2.220446049257E-16,1.));
#3647=DIRECTION('',(2.12815258853545E-30,1.,-2.220446049257E-16));
#3648=DIRECTION('center_axis',(-6.62982124056299E-30,-2.220446049257E-16,
-1.));
#3649=DIRECTION('ref_axis',(-1.,2.12815258853545E-30,6.62982124056299E-30));
#3650=DIRECTION('',(-1.,2.12815258853545E-30,6.62982124056299E-30));
#3651=DIRECTION('',(2.12815258853545E-30,1.,-2.220446049257E-16));
#3652=DIRECTION('center_axis',(1.,-2.12815258853545E-30,-6.62982124056299E-30));
#3653=DIRECTION('ref_axis',(-6.62982124056299E-30,-2.220446049257E-16,-1.));
#3654=DIRECTION('',(-6.62982124056299E-30,-2.220446049257E-16,-1.));
#3655=DIRECTION('center_axis',(2.12815258853545E-30,1.,-2.220446049257E-16));
#3656=DIRECTION('ref_axis',(1.,-2.12815258853545E-30,-6.62982124056299E-30));
#3657=DIRECTION('center_axis',(-1.,-1.22464679914663E-16,1.22464679915015E-16));
#3658=DIRECTION('ref_axis',(8.65956056236043E-17,-0.707106781186547,0.707106781186548));
#3659=DIRECTION('center_axis',(1.,1.22464679914657E-16,-1.22464679915015E-16));
#3660=DIRECTION('ref_axis',(8.65956056236043E-17,-0.707106781186547,0.707106781186548));
#3661=DIRECTION('',(1.,1.22464679914663E-16,-1.22464679915015E-16));
#3662=DIRECTION('center_axis',(-1.,-1.22464679914657E-16,1.22464679915015E-16));
#3663=DIRECTION('ref_axis',(8.65956056236043E-17,-0.707106781186547,0.707106781186548));
#3664=DIRECTION('',(-1.,-1.22464679914663E-16,1.22464679915015E-16));
#3665=DIRECTION('center_axis',(-1.,-1.22464679914657E-16,1.22464679915015E-16));
#3666=DIRECTION('ref_axis',(-1.22464679915015E-16,-2.22044604925474E-16,
-1.));
#3667=DIRECTION('',(1.22464679914657E-16,-1.,2.22044604925474E-16));
#3668=DIRECTION('',(-1.22464679915015E-16,-2.22044604925474E-16,-1.));
#3669=DIRECTION('',(1.22464679914657E-16,-1.,2.22044604925474E-16));
#3670=DIRECTION('',(-1.22464679915015E-16,-2.22044604925474E-16,-1.));
#3671=DIRECTION('center_axis',(1.22464679915015E-16,2.22044604925474E-16,
1.));
#3672=DIRECTION('ref_axis',(-1.,-1.22464679914663E-16,1.22464679915015E-16));
#3673=DIRECTION('',(1.22464679914657E-16,-1.,2.22044604925474E-16));
#3674=DIRECTION('',(-1.,-1.22464679914663E-16,1.22464679915015E-16));
#3675=DIRECTION('center_axis',(1.22464679914657E-16,-1.,2.22044604925474E-16));
#3676=DIRECTION('ref_axis',(1.,1.22464679914657E-16,-1.22464679915015E-16));
#3677=DIRECTION('center_axis',(-1.22464679914663E-16,1.,-2.22044604925474E-16));
#3678=DIRECTION('ref_axis',(1.,1.22464679914663E-16,-1.22464679915015E-16));
#3679=DIRECTION('',(-1.22464679914657E-16,1.,-2.22044604925474E-16));
#3680=DIRECTION('center_axis',(-1.22464679914663E-16,1.,-2.22044604925474E-16));
#3681=DIRECTION('ref_axis',(1.,1.22464679914663E-16,-1.22464679915015E-16));
#3682=DIRECTION('center_axis',(1.22464679914657E-16,-1.,2.22044604925474E-16));
#3683=DIRECTION('ref_axis',(1.,1.22464679914657E-16,-1.22464679915015E-16));
#3684=DIRECTION('center_axis',(-1.22464679914663E-16,1.,-2.22044604925474E-16));
#3685=DIRECTION('ref_axis',(1.,1.22464679914663E-16,-1.22464679915015E-16));
#3686=DIRECTION('',(-1.22464679914657E-16,1.,-2.22044604925474E-16));
#3687=DIRECTION('center_axis',(-1.22464679914663E-16,1.,-2.22044604925474E-16));
#3688=DIRECTION('ref_axis',(1.,1.22464679914663E-16,-1.22464679915015E-16));
#3689=DIRECTION('center_axis',(1.,1.22464679914657E-16,-1.22464679915015E-16));
#3690=DIRECTION('ref_axis',(1.22464679915015E-16,2.22044604925474E-16,1.));
#3691=DIRECTION('',(1.22464679915015E-16,2.22044604925474E-16,1.));
#3692=DIRECTION('',(1.22464679914657E-16,-1.,2.22044604925474E-16));
#3693=DIRECTION('',(1.22464679915015E-16,2.22044604925474E-16,1.));
#3694=DIRECTION('center_axis',(-1.22464679915015E-16,-2.22044604925474E-16,
-1.));
#3695=DIRECTION('ref_axis',(1.,1.22464679914663E-16,-1.22464679915015E-16));
#3696=DIRECTION('',(1.,1.22464679914663E-16,-1.22464679915015E-16));
#3697=DIRECTION('',(1.,1.22464679914663E-16,-1.22464679915015E-16));
#3698=DIRECTION('center_axis',(1.22464679914663E-16,-1.,2.22044604925474E-16));
#3699=DIRECTION('ref_axis',(1.,1.22464679914663E-16,-1.22464679915015E-16));
#3700=DIRECTION('center_axis',(1.22464679914663E-16,-1.,2.22044604925474E-16));
#3701=DIRECTION('ref_axis',(1.,1.22464679914663E-16,-1.22464679915015E-16));
#3702=DIRECTION('center_axis',(-2.22044604924891E-16,1.,-2.46962767140753E-28));
#3703=DIRECTION('ref_axis',(7.50636417235005E-28,2.46951810739291E-28,1.));
#3704=DIRECTION('center_axis',(2.22044604924891E-16,-1.,2.46962767140753E-28));
#3705=DIRECTION('ref_axis',(7.50636417235005E-28,2.46951810739291E-28,1.));
#3706=DIRECTION('',(2.22044604924891E-16,-1.,2.46962767140753E-28));
#3707=DIRECTION('center_axis',(2.22044604924891E-16,-1.,2.46962767140753E-28));
#3708=DIRECTION('ref_axis',(7.50636417235005E-28,2.46951810739291E-28,1.));
#3709=DIRECTION('center_axis',(-7.50647373636467E-28,-2.46962767140753E-28,
-1.));
#3710=DIRECTION('ref_axis',(-1.,-2.22044604924891E-16,7.50647373636467E-28));
#3711=DIRECTION('',(-1.,-2.22044604924891E-16,7.50647373636467E-28));
#3712=DIRECTION('',(-2.22044604924891E-16,1.,-2.46962767140753E-28));
#3713=DIRECTION('',(-1.,-2.22044604924891E-16,7.50647373636467E-28));
#3714=DIRECTION('',(-2.22044604924891E-16,1.,-2.46962767140753E-28));
#3715=DIRECTION('center_axis',(1.,2.22044604924891E-16,-7.50647373636467E-28));
#3716=DIRECTION('ref_axis',(-7.50647373636466E-28,-2.46962767140753E-28,
-1.));
#3717=DIRECTION('',(-7.50647373636466E-28,-2.46962767140753E-28,-1.));
#3718=DIRECTION('',(-7.50647373636466E-28,-2.46962767140753E-28,-1.));
#3719=DIRECTION('',(-2.22044604924891E-16,1.,-2.46962767140753E-28));
#3720=DIRECTION('center_axis',(-2.22044604924891E-16,1.,-2.46962767140753E-28));
#3721=DIRECTION('ref_axis',(7.50647373636466E-28,2.46962767140753E-28,1.));
#3722=DIRECTION('center_axis',(-2.22044604924891E-16,1.,-2.46962767140753E-28));
#3723=DIRECTION('ref_axis',(7.50647373636466E-28,2.46962767140753E-28,1.));
#3724=DIRECTION('center_axis',(-2.22044604924891E-16,1.,-2.46962767140753E-28));
#3725=DIRECTION('ref_axis',(7.50647373636466E-28,2.46962767140753E-28,1.));
#3726=DIRECTION('',(-2.22044604924891E-16,1.,-2.46962767140753E-28));
#3727=DIRECTION('center_axis',(-1.,-2.22044604924891E-16,7.50647373636467E-28));
#3728=DIRECTION('ref_axis',(7.50647373636466E-28,2.46962767140753E-28,1.));
#3729=DIRECTION('',(7.50647373636466E-28,2.46962767140753E-28,1.));
#3730=DIRECTION('',(7.50647373636466E-28,2.46962767140753E-28,1.));
#3731=DIRECTION('center_axis',(-2.22044604924891E-16,1.,-2.46962767140753E-28));
#3732=DIRECTION('ref_axis',(7.50647373636466E-28,2.46962767140753E-28,1.));
#3733=DIRECTION('center_axis',(-2.22044604924891E-16,1.,-2.46962767140753E-28));
#3734=DIRECTION('ref_axis',(7.50647373636466E-28,2.46962767140753E-28,1.));
#3735=DIRECTION('center_axis',(-2.22044604924891E-16,1.,-2.43610108293564E-28));
#3736=DIRECTION('ref_axis',(7.74070918806099E-28,2.43610108293563E-28,1.));
#3737=DIRECTION('center_axis',(2.22044604924891E-16,-1.,2.43610108293564E-28));
#3738=DIRECTION('ref_axis',(7.74070918806099E-28,2.43610108293563E-28,1.));
#3739=DIRECTION('',(2.22044604924891E-16,-1.,2.43610108293564E-28));
#3740=DIRECTION('center_axis',(2.22044604924891E-16,-1.,2.43610108293564E-28));
#3741=DIRECTION('ref_axis',(7.74070918806099E-28,2.43610108293563E-28,1.));
#3742=DIRECTION('center_axis',(-7.74095570709387E-28,-2.43610108293564E-28,
-1.));
#3743=DIRECTION('ref_axis',(-1.,-2.22044604924891E-16,7.74095570709387E-28));
#3744=DIRECTION('',(-1.,-2.22044604924891E-16,7.74095570709387E-28));
#3745=DIRECTION('',(-2.22044604924891E-16,1.,-2.43610108293564E-28));
#3746=DIRECTION('',(-1.,-2.22044604924891E-16,7.74095570709387E-28));
#3747=DIRECTION('',(-2.22044604924891E-16,1.,-2.43610108293564E-28));
#3748=DIRECTION('center_axis',(1.,2.22044604924891E-16,-7.74095570709387E-28));
#3749=DIRECTION('ref_axis',(-7.74095570709387E-28,-2.43610108293564E-28,
-1.));
#3750=DIRECTION('',(-7.74095570709387E-28,-2.43610108293564E-28,-1.));
#3751=DIRECTION('',(-7.74095570709387E-28,-2.43610108293564E-28,-1.));
#3752=DIRECTION('',(-2.22044604924891E-16,1.,-2.43610108293564E-28));
#3753=DIRECTION('center_axis',(-2.22044604924891E-16,1.,-2.43610108293564E-28));
#3754=DIRECTION('ref_axis',(7.74095570709387E-28,2.43610108293564E-28,1.));
#3755=DIRECTION('center_axis',(-2.22044604924891E-16,1.,-2.43610108293564E-28));
#3756=DIRECTION('ref_axis',(7.74095570709387E-28,2.43610108293564E-28,1.));
#3757=DIRECTION('center_axis',(-2.22044604924891E-16,1.,-2.43610108293564E-28));
#3758=DIRECTION('ref_axis',(7.74095570709387E-28,2.43610108293564E-28,1.));
#3759=DIRECTION('',(-2.22044604924891E-16,1.,-2.43610108293564E-28));
#3760=DIRECTION('center_axis',(-1.,-2.22044604924891E-16,7.74095570709387E-28));
#3761=DIRECTION('ref_axis',(7.74095570709387E-28,2.43610108293564E-28,1.));
#3762=DIRECTION('',(7.74095570709387E-28,2.43610108293564E-28,1.));
#3763=DIRECTION('',(7.74095570709387E-28,2.43610108293564E-28,1.));
#3764=DIRECTION('center_axis',(-2.22044604924891E-16,1.,-2.43610108293564E-28));
#3765=DIRECTION('ref_axis',(7.74095570709387E-28,2.43610108293564E-28,1.));
#3766=DIRECTION('center_axis',(-2.22044604924891E-16,1.,-2.43610108293564E-28));
#3767=DIRECTION('ref_axis',(7.74095570709387E-28,2.43610108293564E-28,1.));
#3768=DIRECTION('center_axis',(9.95799250100932E-17,-1.,4.44089209851395E-16));
#3769=DIRECTION('ref_axis',(7.7254718144255E-28,4.44089209851395E-16,1.));
#3770=DIRECTION('center_axis',(-9.95799250100932E-17,1.,-4.44089209851395E-16));
#3771=DIRECTION('ref_axis',(7.7254718144255E-28,4.44089209851395E-16,1.));
#3772=DIRECTION('',(-9.95799250100932E-17,1.,-4.44089209851395E-16));
#3773=DIRECTION('center_axis',(-9.95799250100932E-17,1.,-4.44089209851395E-16));
#3774=DIRECTION('ref_axis',(7.7254718144255E-28,4.44089209851395E-16,1.));
#3775=DIRECTION('center_axis',(-7.72521159989079E-28,-4.44089209851395E-16,
-1.));
#3776=DIRECTION('ref_axis',(1.,9.95799250100932E-17,-7.72567923077474E-28));
#3777=DIRECTION('',(1.,9.95799250100932E-17,-7.72567923077474E-28));
#3778=DIRECTION('',(9.95799250100932E-17,-1.,4.44089209851395E-16));
#3779=DIRECTION('',(1.,9.95799250100932E-17,-7.72567923077474E-28));
#3780=DIRECTION('',(9.95799250100932E-17,-1.,4.44089209851395E-16));
#3781=DIRECTION('center_axis',(-1.,-9.95799250100932E-17,7.72567923077474E-28));
#3782=DIRECTION('ref_axis',(-7.72521159989079E-28,-4.44089209851395E-16,
-1.));
#3783=DIRECTION('',(-7.72521159989079E-28,-4.44089209851395E-16,-1.));
#3784=DIRECTION('',(-7.72521159989079E-28,-4.44089209851395E-16,-1.));
#3785=DIRECTION('',(9.95799250100932E-17,-1.,4.44089209851395E-16));
#3786=DIRECTION('center_axis',(9.95799250100932E-17,-1.,4.44089209851395E-16));
#3787=DIRECTION('ref_axis',(7.72521159989079E-28,4.44089209851395E-16,1.));
#3788=DIRECTION('center_axis',(9.95799250100932E-17,-1.,4.44089209851395E-16));
#3789=DIRECTION('ref_axis',(7.72521159989079E-28,4.44089209851395E-16,1.));
#3790=DIRECTION('center_axis',(9.95799250100932E-17,-1.,4.44089209851395E-16));
#3791=DIRECTION('ref_axis',(7.72521159989079E-28,4.44089209851395E-16,1.));
#3792=DIRECTION('',(9.95799250100932E-17,-1.,4.44089209851395E-16));
#3793=DIRECTION('center_axis',(1.,9.95799250100932E-17,-7.72567923077474E-28));
#3794=DIRECTION('ref_axis',(7.72521159989079E-28,4.44089209851395E-16,1.));
#3795=DIRECTION('',(7.72521159989079E-28,4.44089209851395E-16,1.));
#3796=DIRECTION('',(7.72521159989079E-28,4.44089209851395E-16,1.));
#3797=DIRECTION('center_axis',(9.95799250100932E-17,-1.,4.44089209851395E-16));
#3798=DIRECTION('ref_axis',(7.72521159989079E-28,4.44089209851395E-16,1.));
#3799=DIRECTION('center_axis',(9.95799250100932E-17,-1.,4.44089209851395E-16));
#3800=DIRECTION('ref_axis',(7.72521159989079E-28,4.44089209851395E-16,1.));
#3801=DIRECTION('center_axis',(9.95799250100932E-17,-1.,4.44089209851394E-16));
#3802=DIRECTION('ref_axis',(7.47672811846593E-28,4.44089209851394E-16,1.));
#3803=DIRECTION('center_axis',(-9.95799250100932E-17,1.,-4.44089209851394E-16));
#3804=DIRECTION('ref_axis',(7.47672811846593E-28,4.44089209851394E-16,1.));
#3805=DIRECTION('',(-9.95799250100932E-17,1.,-4.44089209851394E-16));
#3806=DIRECTION('center_axis',(-9.95799250100932E-17,1.,-4.44089209851394E-16));
#3807=DIRECTION('ref_axis',(7.47672811846593E-28,4.44089209851394E-16,1.));
#3808=DIRECTION('center_axis',(-7.47672811846593E-28,-4.44089209851394E-16,
-1.));
#3809=DIRECTION('ref_axis',(1.,9.95799250100932E-17,-7.47719574934988E-28));
#3810=DIRECTION('',(1.,9.95799250100932E-17,-7.47719574934988E-28));
#3811=DIRECTION('',(9.95799250100932E-17,-1.,4.44089209851394E-16));
#3812=DIRECTION('',(1.,9.95799250100932E-17,-7.47719574934988E-28));
#3813=DIRECTION('',(9.95799250100932E-17,-1.,4.44089209851394E-16));
#3814=DIRECTION('center_axis',(-1.,-9.95799250100932E-17,7.47719574934988E-28));
#3815=DIRECTION('ref_axis',(-7.47672811846593E-28,-4.44089209851394E-16,
-1.));
#3816=DIRECTION('',(-7.47672811846593E-28,-4.44089209851394E-16,-1.));
#3817=DIRECTION('',(-7.47672811846593E-28,-4.44089209851394E-16,-1.));
#3818=DIRECTION('',(9.95799250100932E-17,-1.,4.44089209851394E-16));
#3819=DIRECTION('center_axis',(9.95799250100932E-17,-1.,4.44089209851394E-16));
#3820=DIRECTION('ref_axis',(7.47672811846593E-28,4.44089209851394E-16,1.));
#3821=DIRECTION('center_axis',(9.95799250100932E-17,-1.,4.44089209851394E-16));
#3822=DIRECTION('ref_axis',(7.47672811846593E-28,4.44089209851394E-16,1.));
#3823=DIRECTION('center_axis',(9.95799250100932E-17,-1.,4.44089209851394E-16));
#3824=DIRECTION('ref_axis',(7.47672811846593E-28,4.44089209851394E-16,1.));
#3825=DIRECTION('',(9.95799250100932E-17,-1.,4.44089209851394E-16));
#3826=DIRECTION('center_axis',(1.,9.95799250100932E-17,-7.47719574934988E-28));
#3827=DIRECTION('ref_axis',(7.47672811846593E-28,4.44089209851394E-16,1.));
#3828=DIRECTION('',(7.47672811846593E-28,4.44089209851394E-16,1.));
#3829=DIRECTION('',(7.47672811846593E-28,4.44089209851394E-16,1.));
#3830=DIRECTION('center_axis',(9.95799250100932E-17,-1.,4.44089209851394E-16));
#3831=DIRECTION('ref_axis',(7.47672811846593E-28,4.44089209851394E-16,1.));
#3832=DIRECTION('center_axis',(9.95799250100932E-17,-1.,4.44089209851394E-16));
#3833=DIRECTION('ref_axis',(7.47672811846593E-28,4.44089209851394E-16,1.));
#3834=DIRECTION('center_axis',(1.17943970902181E-12,1.,1.4461963629173E-24));
#3835=DIRECTION('ref_axis',(1.,-1.17943970902181E-12,1.17943970902181E-12));
#3836=DIRECTION('center_axis',(1.17943970902181E-12,1.,1.4461963629173E-24));
#3837=DIRECTION('ref_axis',(1.,-1.17943970902181E-12,1.17943970902181E-12));
#3838=DIRECTION('',(-1.17943970902181E-12,-1.,-1.4461963629173E-24));
#3839=DIRECTION('center_axis',(1.17943970902181E-12,1.,1.4461963629173E-24));
#3840=DIRECTION('ref_axis',(1.,-1.17943970902181E-12,1.17943970902181E-12));
#3841=DIRECTION('center_axis',(1.17943970902181E-12,1.,1.4461963629173E-24));
#3842=DIRECTION('ref_axis',(1.,-1.17943970902181E-12,1.17943970902181E-12));
#3843=DIRECTION('center_axis',(-1.,1.17943970902181E-12,-1.17943970902181E-12));
#3844=DIRECTION('ref_axis',(-1.17943970902181E-12,-5.51183523972776E-26,
1.));
#3845=DIRECTION('',(-1.17943970902181E-12,-5.51183523972776E-26,1.));
#3846=DIRECTION('',(1.17943970902181E-12,1.,1.4461963629173E-24));
#3847=DIRECTION('',(-1.17943970902181E-12,-5.51183523972776E-26,1.));
#3848=DIRECTION('',(1.17943970902181E-12,1.,1.4461963629173E-24));
#3849=DIRECTION('center_axis',(1.17943970902181E-12,5.51183523972776E-26,
-1.));
#3850=DIRECTION('ref_axis',(-1.,1.17943970902181E-12,-1.17943970902181E-12));
#3851=DIRECTION('',(-1.,1.17943970902181E-12,-1.17943970902181E-12));
#3852=DIRECTION('',(-1.,1.17943970902181E-12,-1.17943970902181E-12));
#3853=DIRECTION('',(1.17943970902181E-12,1.,1.4461963629173E-24));
#3854=DIRECTION('center_axis',(1.17943970902181E-12,1.,1.4461963629173E-24));
#3855=DIRECTION('ref_axis',(1.,-1.17943970902181E-12,1.17943970902181E-12));
#3856=DIRECTION('center_axis',(1.17943970902181E-12,1.,1.4461963629173E-24));
#3857=DIRECTION('ref_axis',(1.,-1.17943970902181E-12,1.17943970902181E-12));
#3858=DIRECTION('center_axis',(1.17943970902181E-12,1.,1.4461963629173E-24));
#3859=DIRECTION('ref_axis',(1.,-1.17943970902181E-12,1.17943970902181E-12));
#3860=DIRECTION('',(1.17943970902181E-12,1.,1.4461963629173E-24));
#3861=DIRECTION('center_axis',(-1.17943970902181E-12,-5.51183523972776E-26,
1.));
#3862=DIRECTION('ref_axis',(1.,-1.17943970902181E-12,1.17943970902181E-12));
#3863=DIRECTION('',(1.,-1.17943970902181E-12,1.17943970902181E-12));
#3864=DIRECTION('',(1.,-1.17943970902181E-12,1.17943970902181E-12));
#3865=DIRECTION('center_axis',(1.17943970902181E-12,1.,1.4461963629173E-24));
#3866=DIRECTION('ref_axis',(1.,-1.17943970902181E-12,1.17943970902181E-12));
#3867=DIRECTION('center_axis',(1.17943970902181E-12,1.,1.4461963629173E-24));
#3868=DIRECTION('ref_axis',(1.,-1.17943970902181E-12,1.17943970902181E-12));
#3869=DIRECTION('center_axis',(-2.0242217050291E-28,1.,-5.66553889766136E-16));
#3870=DIRECTION('ref_axis',(1.,2.0242217050291E-28,-8.51615791714907E-28));
#3871=DIRECTION('center_axis',(-2.0242217050291E-28,1.,-5.66553889766136E-16));
#3872=DIRECTION('ref_axis',(1.,2.0242217050291E-28,-8.51615791714907E-28));
#3873=DIRECTION('',(2.0242217050291E-28,-1.,5.66553889766136E-16));
#3874=DIRECTION('center_axis',(-2.0242217050291E-28,1.,-5.66553889766136E-16));
#3875=DIRECTION('ref_axis',(1.,2.0242217050291E-28,-8.51615791714907E-28));
#3876=DIRECTION('center_axis',(-2.0242217050291E-28,1.,-5.66553889766136E-16));
#3877=DIRECTION('ref_axis',(1.,2.0242217050291E-28,-8.51628117666551E-28));
#3878=DIRECTION('center_axis',(-1.,-2.0242217050291E-28,8.51628117666551E-28));
#3879=DIRECTION('ref_axis',(8.51628117666551E-28,5.66553889766136E-16,1.));
#3880=DIRECTION('',(8.51628117666551E-28,5.66553889766136E-16,1.));
#3881=DIRECTION('',(-2.0242217050291E-28,1.,-5.66553889766136E-16));
#3882=DIRECTION('',(8.51628117666551E-28,5.66553889766136E-16,1.));
#3883=DIRECTION('',(-2.0242217050291E-28,1.,-5.66553889766136E-16));
#3884=DIRECTION('center_axis',(-8.51628117666551E-28,-5.66553889766136E-16,
-1.));
#3885=DIRECTION('ref_axis',(-1.,-2.0242217050291E-28,8.51628117666551E-28));
#3886=DIRECTION('',(-1.,-2.0242217050291E-28,8.51628117666551E-28));
#3887=DIRECTION('',(-1.,-2.0242217050291E-28,8.51628117666551E-28));
#3888=DIRECTION('',(-2.0242217050291E-28,1.,-5.66553889766136E-16));
#3889=DIRECTION('center_axis',(-2.0242217050291E-28,1.,-5.66553889766136E-16));
#3890=DIRECTION('ref_axis',(1.,2.0242217050291E-28,-8.51628117666551E-28));
#3891=DIRECTION('center_axis',(-2.0242217050291E-28,1.,-5.66553889766136E-16));
#3892=DIRECTION('ref_axis',(1.,2.0242217050291E-28,-8.51628117666551E-28));
#3893=DIRECTION('center_axis',(-2.0242217050291E-28,1.,-5.66553889766136E-16));
#3894=DIRECTION('ref_axis',(1.,2.0242217050291E-28,-8.51628117666551E-28));
#3895=DIRECTION('',(-2.0242217050291E-28,1.,-5.66553889766136E-16));
#3896=DIRECTION('center_axis',(8.51628117666551E-28,5.66553889766136E-16,
1.));
#3897=DIRECTION('ref_axis',(1.,2.0242217050291E-28,-8.51628117666551E-28));
#3898=DIRECTION('',(1.,2.0242217050291E-28,-8.51628117666551E-28));
#3899=DIRECTION('',(1.,2.0242217050291E-28,-8.51628117666551E-28));
#3900=DIRECTION('center_axis',(-2.0242217050291E-28,1.,-5.66553889766136E-16));
#3901=DIRECTION('ref_axis',(1.,2.0242217050291E-28,-8.51628117666551E-28));
#3902=DIRECTION('center_axis',(-2.0242217050291E-28,1.,-5.66553889766136E-16));
#3903=DIRECTION('ref_axis',(1.,2.0242217050291E-28,-8.51628117666551E-28));
#3904=DIRECTION('center_axis',(1.89280394934382E-30,1.,8.68209218929584E-31));
#3905=DIRECTION('ref_axis',(1.,-1.89280394934382E-30,-9.04159782829655E-28));
#3906=DIRECTION('center_axis',(1.89280394934383E-30,1.,8.68209218929584E-31));
#3907=DIRECTION('ref_axis',(1.,-1.89280394934382E-30,-9.04159782829655E-28));
#3908=DIRECTION('',(-1.89280394934382E-30,-1.,-8.68209218929584E-31));
#3909=DIRECTION('center_axis',(1.89280394934383E-30,1.,8.68209218929584E-31));
#3910=DIRECTION('ref_axis',(1.,-1.89280394934383E-30,-9.04159782829655E-28));
#3911=DIRECTION('center_axis',(1.89280394934383E-30,1.,8.68209218929584E-31));
#3912=DIRECTION('ref_axis',(1.,-1.89280394934383E-30,-9.04172108781299E-28));
#3913=DIRECTION('center_axis',(-1.,1.89280394934382E-30,9.04172108781299E-28));
#3914=DIRECTION('ref_axis',(9.04172108781299E-28,-8.68209218929584E-31,
1.));
#3915=DIRECTION('',(9.04172108781299E-28,-8.68209218929584E-31,1.));
#3916=DIRECTION('',(1.89280394934382E-30,1.,8.68209218929584E-31));
#3917=DIRECTION('',(9.04172108781299E-28,-8.68209218929584E-31,1.));
#3918=DIRECTION('',(1.89280394934382E-30,1.,8.68209218929584E-31));
#3919=DIRECTION('center_axis',(-9.04172108781299E-28,8.68209218929584E-31,
-1.));
#3920=DIRECTION('ref_axis',(-1.,1.89280394934383E-30,9.04172108781299E-28));
#3921=DIRECTION('',(-1.,1.89280394934383E-30,9.04172108781299E-28));
#3922=DIRECTION('',(-1.,1.89280394934383E-30,9.04172108781299E-28));
#3923=DIRECTION('',(1.89280394934382E-30,1.,8.68209218929584E-31));
#3924=DIRECTION('center_axis',(1.89280394934382E-30,1.,8.68209218929584E-31));
#3925=DIRECTION('ref_axis',(1.,-1.89280394934382E-30,-9.04172108781299E-28));
#3926=DIRECTION('center_axis',(1.89280394934383E-30,1.,8.68209218929584E-31));
#3927=DIRECTION('ref_axis',(1.,-1.89280394934383E-30,-9.04172108781299E-28));
#3928=DIRECTION('center_axis',(1.89280394934383E-30,1.,8.68209218929584E-31));
#3929=DIRECTION('ref_axis',(1.,-1.89280394934383E-30,-9.04172108781299E-28));
#3930=DIRECTION('',(1.89280394934382E-30,1.,8.68209218929584E-31));
#3931=DIRECTION('center_axis',(9.04172108781299E-28,-8.68209218929584E-31,
1.));
#3932=DIRECTION('ref_axis',(1.,-1.89280394934383E-30,-9.04172108781299E-28));
#3933=DIRECTION('',(1.,-1.89280394934383E-30,-9.04172108781299E-28));
#3934=DIRECTION('',(1.,-1.89280394934383E-30,-9.04172108781299E-28));
#3935=DIRECTION('center_axis',(1.89280394934383E-30,1.,8.68209218929584E-31));
#3936=DIRECTION('ref_axis',(1.,-1.89280394934383E-30,-9.04172108781299E-28));
#3937=DIRECTION('center_axis',(1.89280394934383E-30,1.,8.68209218929584E-31));
#3938=DIRECTION('ref_axis',(1.,-1.89280394934383E-30,-9.04172108781299E-28));
#3939=DIRECTION('center_axis',(-3.34472401581845E-29,1.,-2.44929359829469E-16));
#3940=DIRECTION('ref_axis',(1.,3.34472401581843E-29,-7.34583624674802E-28));
#3941=DIRECTION('center_axis',(-3.34472401581845E-29,1.,-2.44929359829469E-16));
#3942=DIRECTION('ref_axis',(1.,3.34472401581843E-29,-7.34583624674802E-28));
#3943=DIRECTION('',(3.34472401581845E-29,-1.,2.44929359829469E-16));
#3944=DIRECTION('center_axis',(-3.34472401581845E-29,1.,-2.44929359829469E-16));
#3945=DIRECTION('ref_axis',(1.,3.34472401581843E-29,-7.34583624674802E-28));
#3946=DIRECTION('center_axis',(-3.34472401581845E-29,1.,-2.44929359829469E-16));
#3947=DIRECTION('ref_axis',(1.,3.34472401581843E-29,-7.34595950626446E-28));
#3948=DIRECTION('center_axis',(-1.,-3.34472401581843E-29,7.34595950626446E-28));
#3949=DIRECTION('ref_axis',(7.34595950626446E-28,2.44929359829469E-16,1.));
#3950=DIRECTION('',(7.34595950626446E-28,2.44929359829469E-16,1.));
#3951=DIRECTION('',(-3.34472401581845E-29,1.,-2.44929359829469E-16));
#3952=DIRECTION('',(7.34595950626446E-28,2.44929359829469E-16,1.));
#3953=DIRECTION('',(-3.34472401581845E-29,1.,-2.44929359829469E-16));
#3954=DIRECTION('center_axis',(-7.34595950626446E-28,-2.44929359829469E-16,
-1.));
#3955=DIRECTION('ref_axis',(-1.,-3.34472401581843E-29,7.34595950626446E-28));
#3956=DIRECTION('',(-1.,-3.34472401581843E-29,7.34595950626446E-28));
#3957=DIRECTION('',(-1.,-3.34472401581843E-29,7.34595950626446E-28));
#3958=DIRECTION('',(-3.34472401581845E-29,1.,-2.44929359829469E-16));
#3959=DIRECTION('center_axis',(-3.34472401581845E-29,1.,-2.44929359829469E-16));
#3960=DIRECTION('ref_axis',(1.,3.34472401581843E-29,-7.34595950626446E-28));
#3961=DIRECTION('center_axis',(-3.34472401581845E-29,1.,-2.44929359829469E-16));
#3962=DIRECTION('ref_axis',(1.,3.34472401581843E-29,-7.34595950626446E-28));
#3963=DIRECTION('center_axis',(-3.34472401581845E-29,1.,-2.44929359829469E-16));
#3964=DIRECTION('ref_axis',(1.,3.34472401581843E-29,-7.34595950626446E-28));
#3965=DIRECTION('',(-3.34472401581845E-29,1.,-2.44929359829469E-16));
#3966=DIRECTION('center_axis',(7.34595950626446E-28,2.44929359829469E-16,
1.));
#3967=DIRECTION('ref_axis',(1.,3.34472401581843E-29,-7.34595950626446E-28));
#3968=DIRECTION('',(1.,3.34472401581843E-29,-7.34595950626446E-28));
#3969=DIRECTION('',(1.,3.34472401581843E-29,-7.34595950626446E-28));
#3970=DIRECTION('center_axis',(-3.34472401581845E-29,1.,-2.44929359829469E-16));
#3971=DIRECTION('ref_axis',(1.,3.34472401581843E-29,-7.34595950626446E-28));
#3972=DIRECTION('center_axis',(-3.34472401581845E-29,1.,-2.44929359829469E-16));
#3973=DIRECTION('ref_axis',(1.,3.34472401581843E-29,-7.34595950626446E-28));
#3974=DIRECTION('center_axis',(-4.30211422043048E-16,1.,-8.60422844084572E-16));
#3975=DIRECTION('ref_axis',(-2.22044604925399E-16,8.60422844084571E-16,
1.));
#3976=DIRECTION('center_axis',(4.30211422043048E-16,-1.,8.60422844084572E-16));
#3977=DIRECTION('ref_axis',(-2.22044604925399E-16,8.60422844084571E-16,
1.));
#3978=DIRECTION('',(4.30211422043048E-16,-1.,8.60422844084572E-16));
#3979=DIRECTION('center_axis',(4.30211422043048E-16,-1.,8.60422844084572E-16));
#3980=DIRECTION('ref_axis',(-2.22044604925399E-16,8.60422844084571E-16,
1.));
#3981=DIRECTION('center_axis',(-1.,-4.30211422043045E-16,4.09998606309823E-15));
#3982=DIRECTION('ref_axis',(4.09998606309823E-15,8.60422844084573E-16,1.));
#3983=DIRECTION('',(4.09998606309823E-15,8.60422844084573E-16,1.));
#3984=DIRECTION('',(-4.30211422043048E-16,1.,-8.60422844084572E-16));
#3985=DIRECTION('',(4.09998606309823E-15,8.60422844084573E-16,1.));
#3986=DIRECTION('',(-4.30211422043048E-16,1.,-8.60422844084572E-16));
#3987=DIRECTION('center_axis',(-2.620126338115E-15,-8.60422844084573E-16,
-1.));
#3988=DIRECTION('ref_axis',(-1.,-4.30211422043046E-16,2.620126338115E-15));
#3989=DIRECTION('',(1.,4.30211422043046E-16,-2.620126338115E-15));
#3990=DIRECTION('',(-1.,-4.30211422043046E-16,2.620126338115E-15));
#3991=DIRECTION('',(-4.30211422043048E-16,1.,-8.60422844084572E-16));
#3992=DIRECTION('center_axis',(1.,4.30211422043048E-16,6.59139281199242E-17));
#3993=DIRECTION('ref_axis',(6.59139281199246E-17,-8.60422844084571E-16,
-1.));
#3994=DIRECTION('',(-6.59139281199246E-17,8.60422844084571E-16,1.));
#3995=DIRECTION('',(6.59139281199246E-17,-8.60422844084571E-16,-1.));
#3996=DIRECTION('',(-4.30211422043048E-16,1.,-8.60422844084572E-16));
#3997=DIRECTION('center_axis',(-4.30211422043048E-16,1.,-8.60422844084572E-16));
#3998=DIRECTION('ref_axis',(-2.22044604925399E-16,8.60422844084571E-16,
1.));
#3999=DIRECTION('center_axis',(-4.30211422043048E-16,1.,-8.60422844084572E-16));
#4000=DIRECTION('ref_axis',(-2.22044604925399E-16,8.60422844084571E-16,
1.));
#4001=DIRECTION('center_axis',(-4.30211422043048E-16,1.,-8.60422844084572E-16));
#4002=DIRECTION('ref_axis',(-2.22044604925399E-16,8.60422844084571E-16,
1.));
#4003=DIRECTION('center_axis',(-4.30211422043048E-16,1.,-8.60422844084572E-16));
#4004=DIRECTION('ref_axis',(-2.22044604925399E-16,8.60422844084571E-16,
1.));
#4005=DIRECTION('center_axis',(-4.30211422043048E-16,1.,-8.60422844084572E-16));
#4006=DIRECTION('ref_axis',(-2.22044604925399E-16,8.60422844084571E-16,
1.));
#4007=DIRECTION('center_axis',(-1.22464679914735E-16,-1.,-4.53595020502071E-30));
#4008=DIRECTION('ref_axis',(-1.,1.22464679914735E-16,8.17188638400991E-28));
#4009=DIRECTION('center_axis',(1.22464679914735E-16,1.,4.53595020502071E-30));
#4010=DIRECTION('ref_axis',(-1.,1.22464679914735E-16,8.17188638400991E-28));
#4011=DIRECTION('',(1.22464679914735E-16,1.,4.53595020502071E-30));
#4012=DIRECTION('center_axis',(1.22464679914735E-16,1.,4.53595020502071E-30));
#4013=DIRECTION('ref_axis',(-1.,1.22464679914735E-16,8.17188638400991E-28));
#4014=DIRECTION('center_axis',(-4.32203066802281E-15,-4.00665410267963E-30,
1.));
#4015=DIRECTION('ref_axis',(-1.,1.22464679914735E-16,-4.32203066802281E-15));
#4016=DIRECTION('',(-1.,1.22464679914735E-16,-4.32203066802281E-15));
#4017=DIRECTION('',(-1.22464679914735E-16,-1.,-4.53595020502071E-30));
#4018=DIRECTION('',(-1.,1.22464679914735E-16,-4.32203066802281E-15));
#4019=DIRECTION('',(-1.22464679914735E-16,-1.,-4.53595020502071E-30));
#4020=DIRECTION('center_axis',(1.,-1.22464679914735E-16,2.84217094303958E-15));
#4021=DIRECTION('ref_axis',(-2.84217094303958E-15,-4.18788465021841E-30,
1.));
#4022=DIRECTION('',(2.84217094303958E-15,4.18788465021841E-30,-1.));
#4023=DIRECTION('',(-2.84217094303958E-15,-4.18788465021841E-30,1.));
#4024=DIRECTION('',(-1.22464679914735E-16,-1.,-4.53595020502071E-30));
#4025=DIRECTION('center_axis',(1.56130676804657E-16,4.51682971166096E-30,
-1.));
#4026=DIRECTION('ref_axis',(1.,-1.22464679914735E-16,1.56130676804657E-16));
#4027=DIRECTION('',(-1.,1.22464679914735E-16,-1.56130676804657E-16));
#4028=DIRECTION('',(1.,-1.22464679914735E-16,1.56130676804657E-16));
#4029=DIRECTION('',(-1.22464679914735E-16,-1.,-4.53595020502071E-30));
#4030=DIRECTION('center_axis',(-1.22464679914735E-16,-1.,-4.53595020502071E-30));
#4031=DIRECTION('ref_axis',(-1.,1.22464679914735E-16,8.17188638400991E-28));
#4032=DIRECTION('center_axis',(-1.22464679914735E-16,-1.,-4.53595020502071E-30));
#4033=DIRECTION('ref_axis',(-1.,1.22464679914735E-16,8.17188638400991E-28));
#4034=DIRECTION('center_axis',(-1.22464679914735E-16,-1.,-4.53595020502071E-30));
#4035=DIRECTION('ref_axis',(-1.,1.22464679914735E-16,8.17188638400991E-28));
#4036=DIRECTION('center_axis',(-1.22464679914735E-16,-1.,-4.53595020502071E-30));
#4037=DIRECTION('ref_axis',(-1.,1.22464679914735E-16,8.17188638400991E-28));
#4038=DIRECTION('center_axis',(-1.22464679914735E-16,-1.,-4.53595020502071E-30));
#4039=DIRECTION('ref_axis',(-1.,1.22464679914735E-16,8.17188638400991E-28));
#4040=DIRECTION('axis',(0.,0.,1.));
#4041=DIRECTION('refdir',(1.,0.,0.));
#4042=DIRECTION('center_axis',(1.36793491280559E-15,1.06409774702235E-14,
-1.));
#4043=DIRECTION('ref_axis',(-6.52256026967484E-16,1.,1.06409774702235E-14));
#4044=DIRECTION('center_axis',(1.89326617253043E-29,-1.06409774702235E-14,
1.));
#4045=DIRECTION('ref_axis',(-6.52256026967484E-16,1.,1.06409774702235E-14));
#4046=DIRECTION('',(-1.36793491280559E-15,-1.06409774702235E-14,1.));
#4047=DIRECTION('center_axis',(1.89326617253043E-29,-1.06409774702235E-14,
1.));
#4048=DIRECTION('ref_axis',(-6.52256026967484E-16,1.,1.06409774702235E-14));
#4049=DIRECTION('center_axis',(1.36793491280559E-15,1.06409774702235E-14,
-1.));
#4050=DIRECTION('ref_axis',(-6.52256026967484E-16,1.,1.06409774702235E-14));
#4051=DIRECTION('center_axis',(1.89326617253043E-29,-1.06409774702235E-14,
1.));
#4052=DIRECTION('ref_axis',(-6.52256026967484E-16,1.,1.06409774702235E-14));
#4053=DIRECTION('',(-1.36793491280559E-15,-1.06409774702235E-14,1.));
#4054=DIRECTION('center_axis',(1.89326617253043E-29,-1.06409774702235E-14,
1.));
#4055=DIRECTION('ref_axis',(-6.52256026967484E-16,1.,1.06409774702235E-14));
#4056=DIRECTION('center_axis',(1.36793491280559E-15,1.06409774702235E-14,
-1.));
#4057=DIRECTION('ref_axis',(-6.52256026967484E-16,1.,1.06409774702235E-14));
#4058=DIRECTION('center_axis',(1.89326617253043E-29,-1.06409774702235E-14,
1.));
#4059=DIRECTION('ref_axis',(-6.52256026967484E-16,1.,1.06409774702235E-14));
#4060=DIRECTION('',(-1.36793491280559E-15,-1.06409774702235E-14,1.));
#4061=DIRECTION('center_axis',(1.89326617253043E-29,-1.06409774702235E-14,
1.));
#4062=DIRECTION('ref_axis',(-6.52256026967484E-16,1.,1.06409774702235E-14));
#4063=DIRECTION('center_axis',(1.36793491280559E-15,1.06409774702235E-14,
-1.));
#4064=DIRECTION('ref_axis',(-6.52256026967484E-16,1.,1.06409774702235E-14));
#4065=DIRECTION('center_axis',(1.89326617253043E-29,-1.06409774702235E-14,
1.));
#4066=DIRECTION('ref_axis',(-6.52256026967484E-16,1.,1.06409774702235E-14));
#4067=DIRECTION('',(-1.36793491280559E-15,-1.06409774702235E-14,1.));
#4068=DIRECTION('center_axis',(1.89326617253043E-29,-1.06409774702235E-14,
1.));
#4069=DIRECTION('ref_axis',(-6.52256026967484E-16,1.,1.06409774702235E-14));
#4070=DIRECTION('center_axis',(1.36793491280559E-15,1.06409774702235E-14,
-1.));
#4071=DIRECTION('ref_axis',(-6.52256026967484E-16,1.,1.06409774702235E-14));
#4072=DIRECTION('center_axis',(1.89326617253043E-29,-1.06409774702235E-14,
1.));
#4073=DIRECTION('ref_axis',(-6.52256026967484E-16,1.,1.06409774702235E-14));
#4074=DIRECTION('',(-1.36793491280559E-15,-1.06409774702235E-14,1.));
#4075=DIRECTION('center_axis',(1.89326617253043E-29,-1.06409774702235E-14,
1.));
#4076=DIRECTION('ref_axis',(-6.52256026967484E-16,1.,1.06409774702235E-14));
#4077=DIRECTION('center_axis',(1.36793491280559E-15,1.06409774702235E-14,
-1.));
#4078=DIRECTION('ref_axis',(-6.52256026967484E-16,1.,1.06409774702235E-14));
#4079=DIRECTION('center_axis',(1.89326617253043E-29,-1.06409774702235E-14,
1.));
#4080=DIRECTION('ref_axis',(-6.52256026967484E-16,1.,1.06409774702235E-14));
#4081=DIRECTION('',(-1.36793491280559E-15,-1.06409774702235E-14,1.));
#4082=DIRECTION('center_axis',(1.89326617253043E-29,-1.06409774702235E-14,
1.));
#4083=DIRECTION('ref_axis',(-6.52256026967484E-16,1.,1.06409774702235E-14));
#4084=DIRECTION('center_axis',(1.36793491280559E-15,1.06409774702235E-14,
-1.));
#4085=DIRECTION('ref_axis',(-1.,-2.62598584852331E-15,-1.36793491280562E-15));
#4086=DIRECTION('center_axis',(-1.89326617253043E-29,1.06409774702235E-14,
-1.));
#4087=DIRECTION('ref_axis',(-1.,-2.62598584852332E-15,-1.05181454029468E-29));
#4088=DIRECTION('',(1.36793491280559E-15,1.06409774702235E-14,-1.));
#4089=DIRECTION('center_axis',(-1.89326617253043E-29,1.06409774702235E-14,
-1.));
#4090=DIRECTION('ref_axis',(-1.,-2.62598584852332E-15,-1.05181454029468E-29));
#4091=DIRECTION('',(1.36793491280559E-15,1.06409774702235E-14,-1.));
#4092=DIRECTION('center_axis',(-1.,1.28911748264205E-15,-1.36793491280557E-15));
#4093=DIRECTION('ref_axis',(1.28911748264203E-15,1.,1.06409774702235E-14));
#4094=DIRECTION('',(-1.28911748264203E-15,-1.,-1.06409774702235E-14));
#4095=DIRECTION('',(1.28911748264203E-15,1.,1.06409774702235E-14));
#4096=DIRECTION('',(1.36793491280559E-15,1.06409774702235E-14,-1.));
#4097=DIRECTION('center_axis',(1.36793491280559E-15,1.06409774702235E-14,
-1.));
#4098=DIRECTION('ref_axis',(6.52256026967484E-16,-1.,-1.06409774702235E-14));
#4099=DIRECTION('center_axis',(-1.89326617253043E-29,1.06409774702235E-14,
-1.));
#4100=DIRECTION('ref_axis',(6.52256026967484E-16,-1.,-1.06409774702235E-14));
#4101=DIRECTION('center_axis',(-1.89326617253043E-29,1.06409774702235E-14,
-1.));
#4102=DIRECTION('ref_axis',(6.52256026967484E-16,-1.,-1.06409774702235E-14));
#4103=DIRECTION('',(1.36793491280559E-15,1.06409774702235E-14,-1.));
#4104=DIRECTION('center_axis',(1.36793491280559E-15,1.06409774702235E-14,
-1.));
#4105=DIRECTION('ref_axis',(-6.52256026967485E-16,1.,1.06409774702235E-14));
#4106=DIRECTION('center_axis',(-1.89326617253043E-29,1.06409774702235E-14,
-1.));
#4107=DIRECTION('ref_axis',(-6.52256026967485E-16,1.,1.06409774702235E-14));
#4108=DIRECTION('center_axis',(-1.89326617253043E-29,1.06409774702235E-14,
-1.));
#4109=DIRECTION('ref_axis',(-6.52256026967485E-16,1.,1.06409774702235E-14));
#4110=DIRECTION('',(1.36793491280559E-15,1.06409774702235E-14,-1.));
#4111=DIRECTION('center_axis',(-1.,-9.80815531328782E-16,-1.36793491280559E-15));
#4112=DIRECTION('ref_axis',(-9.80815531328796E-16,1.,1.06409774702235E-14));
#4113=DIRECTION('',(9.80815531328796E-16,-1.,-1.06409774702235E-14));
#4114=DIRECTION('',(-9.80815531328796E-16,1.,1.06409774702235E-14));
#4115=DIRECTION('',(1.36793491280559E-15,1.06409774702235E-14,-1.));
#4116=DIRECTION('center_axis',(1.36793491280559E-15,1.06409774702235E-14,
-1.));
#4117=DIRECTION('ref_axis',(-6.52256026967485E-16,1.,1.06409774702235E-14));
#4118=DIRECTION('center_axis',(-1.89326617253043E-29,1.06409774702235E-14,
-1.));
#4119=DIRECTION('ref_axis',(-6.52256026967485E-16,1.,1.06409774702235E-14));
#4120=DIRECTION('center_axis',(-1.89326617253043E-29,1.06409774702235E-14,
-1.));
#4121=DIRECTION('ref_axis',(-6.52256026967485E-16,1.,1.06409774702235E-14));
#4122=DIRECTION('',(1.36793491280559E-15,1.06409774702235E-14,-1.));
#4123=DIRECTION('center_axis',(1.36793491280559E-15,1.06409774702235E-14,
-1.));
#4124=DIRECTION('ref_axis',(-1.,-2.62598584852331E-15,-1.36793491280562E-15));
#4125=DIRECTION('center_axis',(-1.89326617253043E-29,1.06409774702235E-14,
-1.));
#4126=DIRECTION('ref_axis',(-1.,-2.62598584852332E-15,-1.05181454029468E-29));
#4127=DIRECTION('center_axis',(-1.89326617253043E-29,1.06409774702235E-14,
-1.));
#4128=DIRECTION('ref_axis',(-1.,-2.62598584852332E-15,-1.05181454029468E-29));
#4129=DIRECTION('',(1.36793491280559E-15,1.06409774702235E-14,-1.));
#4130=DIRECTION('center_axis',(-1.,1.28911748264205E-15,-1.36793491280557E-15));
#4131=DIRECTION('ref_axis',(1.28911748264203E-15,1.,1.06409774702235E-14));
#4132=DIRECTION('',(-1.28911748264203E-15,-1.,-1.06409774702235E-14));
#4133=DIRECTION('',(1.28911748264203E-15,1.,1.06409774702235E-14));
#4134=DIRECTION('',(1.36793491280559E-15,1.06409774702235E-14,-1.));
#4135=DIRECTION('center_axis',(1.36793491280559E-15,1.06409774702235E-14,
-1.));
#4136=DIRECTION('ref_axis',(6.52256026967484E-16,-1.,-1.06409774702235E-14));
#4137=DIRECTION('center_axis',(-1.89326617253043E-29,1.06409774702235E-14,
-1.));
#4138=DIRECTION('ref_axis',(6.52256026967484E-16,-1.,-1.06409774702235E-14));
#4139=DIRECTION('center_axis',(-1.89326617253043E-29,1.06409774702235E-14,
-1.));
#4140=DIRECTION('ref_axis',(6.52256026967484E-16,-1.,-1.06409774702235E-14));
#4141=DIRECTION('',(1.36793491280559E-15,1.06409774702235E-14,-1.));
#4142=DIRECTION('center_axis',(6.52256026967484E-16,-1.,-1.06409774702235E-14));
#4143=DIRECTION('ref_axis',(-1.,-6.52256026967484E-16,1.26217744835362E-29));
#4144=DIRECTION('',(1.,6.52256026967484E-16,-1.26217744835362E-29));
#4145=DIRECTION('',(-1.,-6.52256026967484E-16,1.26217744835362E-29));
#4146=DIRECTION('',(1.36793491280559E-15,1.06409774702235E-14,-1.));
#4147=DIRECTION('center_axis',(1.36793491280559E-15,1.06409774702235E-14,
-1.));
#4148=DIRECTION('ref_axis',(1.,6.5225602696747E-16,1.3679349128056E-15));
#4149=DIRECTION('center_axis',(-1.89326617253043E-29,1.06409774702235E-14,
-1.));
#4150=DIRECTION('ref_axis',(1.,6.52256026967484E-16,-1.05181454029468E-29));
#4151=DIRECTION('center_axis',(-1.89326617253043E-29,1.06409774702235E-14,
-1.));
#4152=DIRECTION('ref_axis',(1.,6.52256026967484E-16,-1.05181454029468E-29));
#4153=DIRECTION('',(1.36793491280559E-15,1.06409774702235E-14,-1.));
#4154=DIRECTION('center_axis',(1.,3.23696522606158E-16,1.36793491280559E-15));
#4155=DIRECTION('ref_axis',(3.23696522606172E-16,-1.,-1.06409774702235E-14));
#4156=DIRECTION('',(3.23696522606172E-16,-1.,-1.06409774702235E-14));
#4157=DIRECTION('',(3.23696522606172E-16,-1.,-1.06409774702235E-14));
#4158=DIRECTION('',(1.36793491280559E-15,1.06409774702235E-14,-1.));
#4159=DIRECTION('center_axis',(6.52256026967484E-16,-1.,-1.06409774702235E-14));
#4160=DIRECTION('ref_axis',(-1.,-6.52256026967484E-16,1.26217744835362E-29));
#4161=DIRECTION('',(-1.,-6.52256026967484E-16,1.26217744835362E-29));
#4162=DIRECTION('',(-1.,-6.52256026967484E-16,1.26217744835362E-29));
#4163=DIRECTION('',(1.36793491280559E-15,1.06409774702235E-14,-1.));
#4164=DIRECTION('center_axis',(1.,6.5225602696747E-16,1.36793491280559E-15));
#4165=DIRECTION('ref_axis',(6.52256026967484E-16,-1.,-1.06409774702235E-14));
#4166=DIRECTION('',(6.52256026967484E-16,-1.,-1.06409774702235E-14));
#4167=DIRECTION('',(6.52256026967484E-16,-1.,-1.06409774702235E-14));
#4168=DIRECTION('',(1.36793491280559E-15,1.06409774702235E-14,-1.));
#4169=DIRECTION('center_axis',(-6.52256026967484E-16,1.,1.06409774702235E-14));
#4170=DIRECTION('ref_axis',(1.,6.52256026967484E-16,-1.26217744835362E-29));
#4171=DIRECTION('',(1.,6.52256026967484E-16,-1.26217744835362E-29));
#4172=DIRECTION('',(1.,6.52256026967484E-16,-1.26217744835362E-29));
#4173=DIRECTION('',(1.36793491280559E-15,1.06409774702235E-14,-1.));
#4174=DIRECTION('center_axis',(1.,2.60967363487708E-15,1.36793491280561E-15));
#4175=DIRECTION('ref_axis',(2.60967363487709E-15,-1.,-1.06409774702235E-14));
#4176=DIRECTION('',(2.60967363487709E-15,-1.,-1.06409774702235E-14));
#4177=DIRECTION('',(2.60967363487709E-15,-1.,-1.06409774702235E-14));
#4178=DIRECTION('',(1.36793491280559E-15,1.06409774702235E-14,-1.));
#4179=DIRECTION('center_axis',(1.36793491280559E-15,1.06409774702235E-14,
-1.));
#4180=DIRECTION('ref_axis',(-1.14568848235644E-15,1.,1.06409774702235E-14));
#4181=DIRECTION('center_axis',(-1.89326617253043E-29,1.06409774702235E-14,
-1.));
#4182=DIRECTION('ref_axis',(-1.14568848235644E-15,1.,1.06409774702235E-14));
#4183=DIRECTION('center_axis',(-1.89326617253043E-29,1.06409774702235E-14,
-1.));
#4184=DIRECTION('ref_axis',(-1.14568848235644E-15,1.,1.06409774702235E-14));
#4185=DIRECTION('',(1.36793491280559E-15,1.06409774702235E-14,-1.));
#4186=DIRECTION('center_axis',(-6.52256026967484E-16,1.,1.06409774702235E-14));
#4187=DIRECTION('ref_axis',(1.,6.52256026967484E-16,-1.26217744835362E-29));
#4188=DIRECTION('',(1.,6.52256026967484E-16,-1.26217744835362E-29));
#4189=DIRECTION('',(1.,6.52256026967484E-16,-1.26217744835362E-29));
#4190=DIRECTION('center_axis',(-1.89326617253043E-29,1.06409774702235E-14,
-1.));
#4191=DIRECTION('ref_axis',(-6.52256026967484E-16,1.,1.06409774702235E-14));
#4192=DIRECTION('center_axis',(-1.89326617253043E-29,1.06409774702235E-14,
-1.));
#4193=DIRECTION('ref_axis',(-6.52256026967484E-16,1.,1.06409774702235E-14));
#4194=DIRECTION('center_axis',(-2.83589332451131E-29,1.,1.06409774702233E-14));
#4195=DIRECTION('ref_axis',(0.707106781186552,-6.39812676913642E-15,0.707106781186543));
#4196=DIRECTION('center_axis',(2.83589332451131E-29,-1.,-9.04831765069518E-15));
#4197=DIRECTION('ref_axis',(0.707106781186552,-6.39812676913642E-15,0.707106781186543));
#4198=DIRECTION('',(2.83589332451131E-29,-1.,-1.06409774702233E-14));
#4199=DIRECTION('center_axis',(-2.83589332451131E-29,1.,9.04831765069518E-15));
#4200=DIRECTION('ref_axis',(0.707106781186552,-6.39812676913642E-15,0.707106781186543));
#4201=DIRECTION('',(2.83589332451131E-29,-1.,-1.06409774702233E-14));
#4202=DIRECTION('center_axis',(2.83589332451131E-29,-1.,-9.04831765069518E-15));
#4203=DIRECTION('ref_axis',(1.,2.83589332451131E-29,-1.08160225676785E-30));
#4204=DIRECTION('',(1.,2.83589332451131E-29,-1.08160225676785E-30));
#4205=DIRECTION('center_axis',(-2.83589332451131E-29,1.,9.04831765069518E-15));
#4206=DIRECTION('ref_axis',(-0.707106781186546,-6.39812676913652E-15,0.707106781186549));
#4207=DIRECTION('',(-1.,-2.83589332451131E-29,1.08160225676785E-30));
#4208=DIRECTION('center_axis',(-1.08160225676816E-30,1.06409774702233E-14,
-1.));
#4209=DIRECTION('ref_axis',(-1.,-2.83589332451131E-29,1.08160225676785E-30));
#4210=DIRECTION('',(-1.,-2.83589332451131E-29,1.08160225676785E-30));
#4211=DIRECTION('',(-2.83589332451131E-29,1.,1.06409774702233E-14));
#4212=DIRECTION('center_axis',(-1.08160225676816E-30,1.06409774702233E-14,
-1.));
#4213=DIRECTION('ref_axis',(-1.,-2.83589332451131E-29,1.08160225676785E-30));
#4214=DIRECTION('center_axis',(-1.08160225676816E-30,1.06409774702233E-14,
-1.));
#4215=DIRECTION('ref_axis',(-1.,-2.83589332451131E-29,1.08160225676785E-30));
#4216=DIRECTION('center_axis',(2.83589332451131E-29,-1.,-1.06409774702233E-14));
#4217=DIRECTION('ref_axis',(-0.707106781186546,-6.39812676913652E-15,0.707106781186549));
#4218=DIRECTION('center_axis',(2.83589332451131E-29,-1.,-9.04831765069518E-15));
#4219=DIRECTION('ref_axis',(-0.707106781186546,-6.39812676913652E-15,0.707106781186549));
#4220=DIRECTION('',(-2.83589332451131E-29,1.,1.06409774702233E-14));
#4221=DIRECTION('center_axis',(3.26360384656086E-29,-9.04831765069518E-15,
1.));
#4222=DIRECTION('ref_axis',(-1.,-2.83589332451134E-29,3.26360384656083E-29));
#4223=DIRECTION('',(-3.26360384656086E-29,9.04831765069518E-15,-1.));
#4224=DIRECTION('center_axis',(1.08160225676816E-30,-1.06409774702233E-14,
1.));
#4225=DIRECTION('ref_axis',(-1.,-2.83589332451131E-29,1.08160225676785E-30));
#4226=DIRECTION('center_axis',(3.26360384656086E-29,-9.04831765069518E-15,
1.));
#4227=DIRECTION('ref_axis',(-1.,-2.83589332451134E-29,3.26360384656083E-29));
#4228=DIRECTION('',(-3.26360384656086E-29,9.04831765069518E-15,-1.));
#4229=DIRECTION('center_axis',(1.08160225676816E-30,-1.06409774702233E-14,
1.));
#4230=DIRECTION('ref_axis',(-1.,-2.83589332451131E-29,1.08160225676785E-30));
#4231=DIRECTION('center_axis',(-2.83589332451131E-29,1.,9.04831765069518E-15));
#4232=DIRECTION('ref_axis',(-1.,-2.83589332451131E-29,1.08160225676785E-30));
#4233=DIRECTION('',(1.,2.83589332451131E-29,-1.08160225676785E-30));
#4234=DIRECTION('center_axis',(-1.08160225676816E-30,1.06409774702233E-14,
-1.));
#4235=DIRECTION('ref_axis',(-1.,-2.83589332451131E-29,1.08160225676785E-30));
#4236=DIRECTION('center_axis',(2.35922392732851E-16,-1.,-9.78055462613853E-15));
#4237=DIRECTION('ref_axis',(5.55111512312893E-17,9.78055462613853E-15,-1.));
#4238=DIRECTION('center_axis',(2.35922392732851E-16,-1.,-9.78055462613853E-15));
#4239=DIRECTION('ref_axis',(-0.866025403784447,4.52687624183214E-15,-0.499999999999985));
#4240=DIRECTION('',(-1.,-2.35922392732852E-16,-5.55111512312916E-17));
#4241=DIRECTION('',(0.500000000000008,8.58816996570376E-15,-0.866025403784434));
#4242=DIRECTION('',(1.,2.35922392732852E-16,5.55111512312916E-17));
#4243=DIRECTION('center_axis',(-4.19619412604955E-16,1.,9.78055462613856E-15));
#4244=DIRECTION('ref_axis',(-0.866025403784447,4.52687624183214E-15,-0.499999999999985));
#4245=DIRECTION('',(-4.19619412604955E-16,1.,9.78055462613856E-15));
#4246=DIRECTION('center_axis',(2.35922392732851E-16,-1.,-9.78055462613853E-15));
#4247=DIRECTION('ref_axis',(-0.866025403784447,4.68596252764086E-15,-0.499999999999985));
#4248=DIRECTION('',(-4.19619412604955E-16,1.,9.78055462613856E-15));
#4249=DIRECTION('center_axis',(1.,4.19619412604955E-16,5.55111512312935E-17));
#4250=DIRECTION('ref_axis',(5.55111512312893E-17,9.78055462613853E-15,-1.));
#4251=DIRECTION('',(-5.55111512312893E-17,-9.78055462613853E-15,1.));
#4252=DIRECTION('',(-4.19619412604955E-16,1.,9.78055462613856E-15));
#4253=DIRECTION('',(5.55111512312893E-17,9.78055462613853E-15,-1.));
#4254=DIRECTION('',(-4.19619412604955E-16,1.,9.78055462613856E-15));
#4255=DIRECTION('center_axis',(2.35922392732852E-16,-1.,-9.78055462613853E-15));
#4256=DIRECTION('ref_axis',(5.55111512312893E-17,9.78055462613853E-15,-1.));
#4257=DIRECTION('',(-1.,-2.35922392732852E-16,-5.55111512312916E-17));
#4258=DIRECTION('',(1.,2.35922392732852E-16,5.55111512312916E-17));
#4259=DIRECTION('center_axis',(0.866025403784434,-4.52687624183237E-15,
0.500000000000008));
#4260=DIRECTION('ref_axis',(0.500000000000008,8.58816996570376E-15,-0.866025403784434));
#4261=DIRECTION('',(-4.19619412604955E-16,1.,9.78055462613856E-15));
#4262=DIRECTION('',(0.500000000000008,8.58816996570377E-15,-0.866025403784434));
#4263=DIRECTION('',(-4.19619412604955E-16,1.,9.78055462613856E-15));
#4264=DIRECTION('center_axis',(-5.55111512312893E-17,-9.78055462613856E-15,
1.));
#4265=DIRECTION('ref_axis',(1.,2.35922392732852E-16,5.55111512312916E-17));
#4266=DIRECTION('',(-1.,-2.35922392732852E-16,-5.55111512312916E-17));
#4267=DIRECTION('',(1.,2.35922392732852E-16,5.55111512312916E-17));
#4268=DIRECTION('',(-4.19619412604955E-16,1.,9.78055462613856E-15));
#4269=DIRECTION('center_axis',(-1.,-4.19619412604955E-16,-5.55111512312935E-17));
#4270=DIRECTION('ref_axis',(-5.55111512312893E-17,-9.78055462613853E-15,
1.));
#4271=DIRECTION('',(5.55111512312893E-17,9.78055462613853E-15,-1.));
#4272=DIRECTION('',(-5.55111512312893E-17,-9.78055462613853E-15,1.));
#4273=DIRECTION('',(-4.19619412604955E-16,1.,9.78055462613856E-15));
#4274=DIRECTION('center_axis',(5.55111512312893E-17,9.78055462613856E-15,
-1.));
#4275=DIRECTION('ref_axis',(-1.,-2.35922392732852E-16,-5.55111512312916E-17));
#4276=DIRECTION('',(-1.,-2.35922392732852E-16,-5.55111512312916E-17));
#4277=DIRECTION('',(-1.,-2.35922392732852E-16,-5.55111512312916E-17));
#4278=DIRECTION('center_axis',(2.35922392732852E-16,-1.,-9.78055462613853E-15));
#4279=DIRECTION('ref_axis',(5.55111512312893E-17,9.78055462613853E-15,-1.));
#4280=DIRECTION('center_axis',(-4.19619412604955E-16,1.,9.78055462613856E-15));
#4281=DIRECTION('ref_axis',(-1.,-4.19619412604955E-16,-5.55111512312935E-17));
#4282=DIRECTION('center_axis',(-1.66533453693844E-16,-1.0127499321334E-14,
1.));
#4283=DIRECTION('ref_axis',(1.,1.86121869825582E-30,1.66533453693844E-16));
#4284=DIRECTION('',(1.,1.86121869825582E-30,1.66533453693844E-16));
#4285=DIRECTION('',(-1.83697019872106E-16,1.,1.0127499321334E-14));
#4286=DIRECTION('',(1.,1.86121869825582E-30,1.66533453693844E-16));
#4287=DIRECTION('',(-1.83697019872106E-16,1.,1.0127499321334E-14));
#4288=DIRECTION('center_axis',(-1.,-1.83697019872105E-16,-1.66533453693845E-16));
#4289=DIRECTION('ref_axis',(-1.66533453693844E-16,-1.01274993213339E-14,
1.));
#4290=DIRECTION('',(1.66533453693844E-16,1.01274993213339E-14,-1.));
#4291=DIRECTION('',(-1.66533453693844E-16,-1.01274993213339E-14,1.));
#4292=DIRECTION('',(-1.83697019872106E-16,1.,1.0127499321334E-14));
#4293=DIRECTION('center_axis',(1.66533453693844E-16,1.0127499321334E-14,
-1.));
#4294=DIRECTION('ref_axis',(-1.,-1.86121869825582E-30,-1.66533453693844E-16));
#4295=DIRECTION('',(-1.,-1.86121869825582E-30,-1.66533453693844E-16));
#4296=DIRECTION('',(-1.,-1.86121869825582E-30,-1.66533453693844E-16));
#4297=DIRECTION('',(-1.83697019872106E-16,1.,1.0127499321334E-14));
#4298=DIRECTION('center_axis',(1.,1.83697019872105E-16,1.66533453693845E-16));
#4299=DIRECTION('ref_axis',(1.66533453693844E-16,1.01274993213339E-14,-1.));
#4300=DIRECTION('',(-1.66533453693844E-16,-1.01274993213339E-14,1.));
#4301=DIRECTION('',(1.66533453693844E-16,1.01274993213339E-14,-1.));
#4302=DIRECTION('center_axis',(3.43894050869784E-30,-1.,-1.01274993213339E-14));
#4303=DIRECTION('ref_axis',(1.66533453693844E-16,1.01274993213339E-14,-1.));
#4304=DIRECTION('center_axis',(-1.83697019872106E-16,1.,1.0127499321334E-14));
#4305=DIRECTION('ref_axis',(-1.,-1.83697019872105E-16,-1.66533453693845E-16));
#4306=DIRECTION('center_axis',(-1.10573111044576E-14,-1.,-3.46944695195423E-16));
#4307=DIRECTION('ref_axis',(-4.40687737791114E-17,-3.46944695195422E-16,
1.));
#4308=DIRECTION('',(-1.,1.10573111044576E-14,-4.40687737791076E-17));
#4309=DIRECTION('center_axis',(-1.10573111044576E-14,-1.,-3.46944695195423E-16));
#4310=DIRECTION('ref_axis',(-0.866025403784435,9.56152625221905E-15,0.500000000000006));
#4311=DIRECTION('',(1.,-1.10573111044576E-14,4.40687737791076E-17));
#4312=DIRECTION('',(0.500000000000002,-5.82911847197631E-15,0.866025403784437));
#4313=DIRECTION('center_axis',(1.,-1.12410081243297E-14,4.40687737791075E-17));
#4314=DIRECTION('ref_axis',(4.40687737791114E-17,3.46944695195422E-16,-1.));
#4315=DIRECTION('',(-4.40687737791114E-17,-3.46944695195422E-16,1.));
#4316=DIRECTION('',(1.12410081243297E-14,1.,3.46944695195391E-16));
#4317=DIRECTION('',(4.40687737791114E-17,3.46944695195422E-16,-1.));
#4318=DIRECTION('',(1.12410081243297E-14,1.,3.46944695195391E-16));
#4319=DIRECTION('center_axis',(-0.866025403784438,9.56152625221909E-15,
0.500000000000002));
#4320=DIRECTION('ref_axis',(0.500000000000002,-6.10946318570787E-15,0.866025403784437));
#4321=DIRECTION('',(1.12410081243297E-14,1.,3.46944695195391E-16));
#4322=DIRECTION('',(0.500000000000002,-6.10946318570787E-15,0.866025403784437));
#4323=DIRECTION('',(1.12410081243297E-14,1.,3.46944695195391E-16));
#4324=DIRECTION('center_axis',(1.12410081243297E-14,1.,3.46944695195391E-16));
#4325=DIRECTION('ref_axis',(1.,-1.12410081243297E-14,4.40687737791075E-17));
#4326=DIRECTION('',(-1.,1.10573111044576E-14,-4.40687737791076E-17));
#4327=DIRECTION('',(1.,-1.10573111044576E-14,4.40687737791076E-17));
#4328=DIRECTION('center_axis',(1.12410081243297E-14,1.,3.46944695195391E-16));
#4329=DIRECTION('ref_axis',(-0.866025403784435,9.56152625221905E-15,0.500000000000006));
#4330=DIRECTION('',(1.12410081243297E-14,1.,3.46944695195391E-16));
#4331=DIRECTION('center_axis',(-1.10573111044576E-14,-1.,-3.46944695195423E-16));
#4332=DIRECTION('ref_axis',(-0.866025403784435,9.4024399664103E-15,0.500000000000006));
#4333=DIRECTION('',(1.12410081243297E-14,1.,3.46944695195391E-16));
#4334=DIRECTION('center_axis',(-4.40687737791114E-17,-3.46944695195391E-16,
1.));
#4335=DIRECTION('ref_axis',(1.,-1.10573111044576E-14,4.40687737791076E-17));
#4336=DIRECTION('',(-1.,1.10573111044576E-14,-4.40687737791076E-17));
#4337=DIRECTION('',(1.,-1.10573111044576E-14,4.40687737791076E-17));
#4338=DIRECTION('',(1.12410081243297E-14,1.,3.46944695195391E-16));
#4339=DIRECTION('center_axis',(-1.,1.12410081243297E-14,-4.40687737791075E-17));
#4340=DIRECTION('ref_axis',(-4.40687737791114E-17,-3.46944695195422E-16,
1.));
#4341=DIRECTION('',(4.40687737791114E-17,3.46944695195422E-16,-1.));
#4342=DIRECTION('',(-4.40687737791114E-17,-3.46944695195422E-16,1.));
#4343=DIRECTION('',(1.12410081243297E-14,1.,3.46944695195391E-16));
#4344=DIRECTION('center_axis',(4.40687737791114E-17,3.46944695195391E-16,
-1.));
#4345=DIRECTION('ref_axis',(-1.,1.10573111044576E-14,-4.40687737791076E-17));
#4346=DIRECTION('',(1.,-1.10573111044576E-14,4.40687737791076E-17));
#4347=DIRECTION('',(-1.,1.10573111044576E-14,-4.40687737791076E-17));
#4348=DIRECTION('center_axis',(-1.10573111044576E-14,-1.,-3.46944695195423E-16));
#4349=DIRECTION('ref_axis',(-4.40687737791114E-17,-3.46944695195422E-16,
1.));
#4350=DIRECTION('center_axis',(-1.10573111044576E-14,-1.,-3.46944695195423E-16));
#4351=DIRECTION('ref_axis',(-4.40687737791114E-17,-3.46944695195422E-16,
1.));
#4352=DIRECTION('',(3.74977826567146E-14,1.,9.71445146547086E-16));
#4353=DIRECTION('',(1.,-3.74977826567146E-14,2.34673391830142E-14));
#4354=DIRECTION('',(-1.22124532708764E-15,-5.55111512312748E-17,0.999999999999997));
#4355=DIRECTION('',(-1.,-1.18655085756814E-14,-1.27675647831896E-15));
#4356=CARTESIAN_POINT('',(0.,0.,0.));
#4357=CARTESIAN_POINT('',(0.,0.,0.));
#4358=CARTESIAN_POINT('Origin',(-97.779999999997,-63.1985992994698,21.0585992994673));
#4359=CARTESIAN_POINT('',(-100.279999999997,-65.1985992994698,21.0585992994673));
#4360=CARTESIAN_POINT('',(-97.779999999997,-65.1985992994698,23.5585992994673));
#4361=CARTESIAN_POINT('Origin',(-97.779999999997,-65.1985992994698,21.0585992994673));
#4362=CARTESIAN_POINT('',(-97.779999999997,-63.1985992994698,23.5585992994673));
#4363=CARTESIAN_POINT('',(-97.779999999997,-63.1985992994698,23.5585992994673));
#4364=CARTESIAN_POINT('',(-100.279999999997,-63.1985992994698,21.0585992994673));
#4365=CARTESIAN_POINT('Origin',(-97.779999999997,-63.1985992994698,21.0585992994673));
#4366=CARTESIAN_POINT('',(-100.279999999997,-63.1985992994698,21.0585992994673));
#4367=CARTESIAN_POINT('Origin',(-14.9999999999971,-63.1985992994698,23.5585992994673));
#4368=CARTESIAN_POINT('',(-17.4999999999971,-65.1985992994698,23.5585992994673));
#4369=CARTESIAN_POINT('',(-100.279999999997,-65.1985992994698,23.5585992994673));
#4370=CARTESIAN_POINT('',(-17.4999999999971,-63.1985992994698,23.5585992994673));
#4371=CARTESIAN_POINT('',(-17.4999999999971,-63.1985992994698,23.5585992994673));
#4372=CARTESIAN_POINT('',(-100.279999999997,-63.1985992994698,23.5585992994673));
#4373=CARTESIAN_POINT('Origin',(-57.639999999997,-65.1985992994698,-21.6214007005327));
#4374=CARTESIAN_POINT('',(-100.279999999997,-65.1985992994698,-66.8014007005327));
#4375=CARTESIAN_POINT('',(-100.279999999997,-65.1985992994698,-66.8014007005327));
#4376=CARTESIAN_POINT('',(-14.9999999999971,-65.1985992994698,-66.8014007005326));
#4377=CARTESIAN_POINT('',(-14.9999999999971,-65.1985992994698,-66.8014007005327));
#4378=CARTESIAN_POINT('',(-14.9999999999971,-65.1985992994698,21.0585992994673));
#4379=CARTESIAN_POINT('',(-14.9999999999971,-65.1985992994698,23.5585992994673));
#4380=CARTESIAN_POINT('Origin',(-17.4999999999971,-65.1985992994698,21.0585992994673));
#4381=CARTESIAN_POINT('',(-23.1293999999968,-65.1985992994698,3.5706992994677));
#4382=CARTESIAN_POINT('',(-33.7051999999969,-65.1985992994698,3.5706992994677));
#4383=CARTESIAN_POINT('',(-23.1293999999968,-65.1985992994698,3.5706992994677));
#4384=CARTESIAN_POINT('',(-33.7051999999969,-65.1985992994698,14.1464992994677));
#4385=CARTESIAN_POINT('',(-33.7051999999969,-65.1985992994698,3.5706992994677));
#4386=CARTESIAN_POINT('',(-23.1293999999968,-65.1985992994698,14.1464992994677));
#4387=CARTESIAN_POINT('',(-33.7051999999969,-65.1985992994698,14.1464992994677));
#4388=CARTESIAN_POINT('',(-23.1293999999968,-65.1985992994698,14.1464992994677));
#4389=CARTESIAN_POINT('',(-27.9099999999964,-65.1985992994698,-17.7914007005327));
#4390=CARTESIAN_POINT('',(-27.9099999999964,-65.1985992994698,-10.7914007005327));
#4391=CARTESIAN_POINT('',(-27.9099999999964,-65.1985992994698,-10.7914007005327));
#4392=CARTESIAN_POINT('',(-20.4099999999964,-65.1985992994698,-10.7914007005327));
#4393=CARTESIAN_POINT('',(-20.4099999999964,-65.1985992994698,-10.7914007005327));
#4394=CARTESIAN_POINT('',(-20.4099999999964,-65.1985992994698,-11.6639089787698));
#4395=CARTESIAN_POINT('',(-20.4099999999964,-65.1985992994698,-17.7914007005327));
#4396=CARTESIAN_POINT('',(-20.4099999999964,-65.1985992994698,-12.4188924222955));
#4397=CARTESIAN_POINT('Origin',(-20.809999999997,-65.1985992994698,-12.0414007005326));
#4398=CARTESIAN_POINT('',(-20.4099999999964,-65.1985992994698,-16.1639089787698));
#4399=CARTESIAN_POINT('',(-20.4099999999964,-65.1985992994698,-17.7914007005327));
#4400=CARTESIAN_POINT('',(-20.4099999999964,-65.1985992994698,-16.9188924222955));
#4401=CARTESIAN_POINT('Origin',(-20.809999999997,-65.1985992994698,-16.5414007005327));
#4402=CARTESIAN_POINT('',(-20.4099999999964,-65.1985992994698,-17.7914007005327));
#4403=CARTESIAN_POINT('',(-20.4099999999964,-65.1985992994698,-17.7914007005327));
#4404=CARTESIAN_POINT('',(-27.9099999999964,-65.1985992994698,-17.7914007005327));
#4405=CARTESIAN_POINT('',(-53.419999999997,-65.1985992994698,-45.7514007005329));
#4406=CARTESIAN_POINT('Origin',(-56.3699999999971,-65.1985992994698,-45.7514007005328));
#4407=CARTESIAN_POINT('Origin',(-17.4999999999971,-63.1985992994698,21.0585992994673));
#4408=CARTESIAN_POINT('',(-14.9999999999971,-63.1985992994698,21.0585992994673));
#4409=CARTESIAN_POINT('',(-14.9999999999971,-63.1985992994698,21.0585992994673));
#4410=CARTESIAN_POINT('Origin',(-17.4999999999971,-63.1985992994698,21.0585992994673));
#4411=CARTESIAN_POINT('Origin',(-56.3699999999971,-63.1985992994698,-45.7514007005328));
#4412=CARTESIAN_POINT('',(-53.419999999997,-63.1985992994698,-45.7514007005328));
#4413=CARTESIAN_POINT('',(-53.419999999997,-63.1985992994698,-45.7514007005328));
#4414=CARTESIAN_POINT('Origin',(-56.3699999999971,-63.1985992994698,-45.7514007005328));
#4415=CARTESIAN_POINT('Origin',(-20.4099999999964,-63.1985992994698,-17.7914007005327));
#4416=CARTESIAN_POINT('',(-20.4099999999964,-63.1985992994698,-17.7914007005327));
#4417=CARTESIAN_POINT('',(-27.9099999999964,-63.1985992994698,-17.7914007005327));
#4418=CARTESIAN_POINT('',(-27.9099999999964,-63.1985992994698,-17.7914007005327));
#4419=CARTESIAN_POINT('',(-27.9099999999964,-63.1985992994698,-17.7914007005327));
#4420=CARTESIAN_POINT('',(-20.4099999999964,-63.1985992994698,-17.7914007005327));
#4421=CARTESIAN_POINT('Origin',(-20.4099999999964,-63.1985992994698,-16.9188924222955));
#4422=CARTESIAN_POINT('',(-20.4099999999964,-63.1985992994698,-16.9188924222955));
#4423=CARTESIAN_POINT('',(-20.4099999999964,-63.1985992994698,-17.7914007005327));
#4424=CARTESIAN_POINT('',(-20.4099999999964,-63.1985992994698,-16.9188924222955));
#4425=CARTESIAN_POINT('Origin',(-20.809999999997,-63.1985992994698,-16.5414007005327));
#4426=CARTESIAN_POINT('',(-20.4099999999964,-63.1985992994698,-16.1639089787698));
#4427=CARTESIAN_POINT('Origin',(-20.809999999997,-63.1985992994698,-16.5414007005327));
#4428=CARTESIAN_POINT('',(-20.4099999999964,-63.1985992994698,-16.1639089787698));
#4429=CARTESIAN_POINT('Origin',(-20.4099999999964,-63.1985992994698,-12.4188924222955));
#4430=CARTESIAN_POINT('',(-20.4099999999964,-63.1985992994698,-12.4188924222955));
#4431=CARTESIAN_POINT('',(-20.4099999999964,-63.1985992994698,-17.7914007005327));
#4432=CARTESIAN_POINT('',(-20.4099999999964,-63.1985992994698,-12.4188924222955));
#4433=CARTESIAN_POINT('Origin',(-20.809999999997,-63.1985992994698,-12.0414007005326));
#4434=CARTESIAN_POINT('',(-20.4099999999964,-63.1985992994698,-11.6639089787698));
#4435=CARTESIAN_POINT('Origin',(-20.809999999997,-63.1985992994698,-12.0414007005326));
#4436=CARTESIAN_POINT('',(-20.4099999999964,-63.1985992994698,-11.6639089787698));
#4437=CARTESIAN_POINT('Origin',(-20.4099999999964,-63.1985992994698,-10.7914007005327));
#4438=CARTESIAN_POINT('',(-20.4099999999964,-63.1985992994698,-10.7914007005327));
#4439=CARTESIAN_POINT('',(-20.4099999999964,-63.1985992994698,-17.7914007005327));
#4440=CARTESIAN_POINT('',(-20.4099999999964,-63.1985992994698,-10.7914007005327));
#4441=CARTESIAN_POINT('Origin',(-27.9099999999964,-63.1985992994698,-10.7914007005327));
#4442=CARTESIAN_POINT('',(-27.9099999999964,-63.1985992994698,-10.7914007005327));
#4443=CARTESIAN_POINT('',(-20.4099999999964,-63.1985992994698,-10.7914007005327));
#4444=CARTESIAN_POINT('',(-27.9099999999964,-63.1985992994698,-10.7914007005327));
#4445=CARTESIAN_POINT('Origin',(-27.9099999999964,-63.1985992994698,-17.7914007005327));
#4446=CARTESIAN_POINT('',(-27.9099999999964,-63.1985992994698,-10.7914007005327));
#4447=CARTESIAN_POINT('Origin',(-23.1293999999968,-63.1985992994698,14.1464992994677));
#4448=CARTESIAN_POINT('',(-23.1293999999968,-63.1985992994698,14.1464992994677));
#4449=CARTESIAN_POINT('',(-23.1293999999968,-63.1985992994698,3.5706992994677));
#4450=CARTESIAN_POINT('',(-23.1293999999968,-63.1985992994698,14.1464992994677));
#4451=CARTESIAN_POINT('',(-23.1293999999968,-63.1985992994698,3.5706992994677));
#4452=CARTESIAN_POINT('',(-23.1293999999968,-63.1985992994698,14.1464992994677));
#4453=CARTESIAN_POINT('Origin',(-33.7051999999969,-63.1985992994698,14.1464992994677));
#4454=CARTESIAN_POINT('',(-33.7051999999969,-63.1985992994698,14.1464992994677));
#4455=CARTESIAN_POINT('',(-33.7051999999969,-63.1985992994698,14.1464992994677));
#4456=CARTESIAN_POINT('',(-33.7051999999969,-63.1985992994698,14.1464992994677));
#4457=CARTESIAN_POINT('Origin',(-33.7051999999969,-63.1985992994698,3.5706992994677));
#4458=CARTESIAN_POINT('',(-33.7051999999969,-63.1985992994698,3.5706992994677));
#4459=CARTESIAN_POINT('',(-33.7051999999969,-63.1985992994698,3.5706992994677));
#4460=CARTESIAN_POINT('',(-33.7051999999969,-63.1985992994698,3.5706992994677));
#4461=CARTESIAN_POINT('Origin',(-23.1293999999968,-63.1985992994698,3.5706992994677));
#4462=CARTESIAN_POINT('',(-23.1293999999968,-63.1985992994698,3.5706992994677));
#4463=CARTESIAN_POINT('Origin',(-14.9999999999971,-63.1985992994698,-66.8014007005326));
#4464=CARTESIAN_POINT('',(-14.9999999999971,-63.1985992994698,-66.8014007005326));
#4465=CARTESIAN_POINT('',(-14.9999999999971,-63.1985992994698,-66.8014007005326));
#4466=CARTESIAN_POINT('',(-14.9999999999971,-63.1985992994698,23.5585992994673));
#4467=CARTESIAN_POINT('Origin',(-100.279999999997,-63.1985992994698,-66.8014007005327));
#4468=CARTESIAN_POINT('',(-100.279999999997,-63.1985992994698,-66.8014007005327));
#4469=CARTESIAN_POINT('',(-14.9999999999971,-63.1985992994698,-66.8014007005327));
#4470=CARTESIAN_POINT('',(-100.279999999997,-63.1985992994698,-66.8014007005327));
#4471=CARTESIAN_POINT('Origin',(-100.279999999997,-63.1985992994698,23.5585992994673));
#4472=CARTESIAN_POINT('',(-100.279999999997,-63.1985992994698,-66.8014007005327));
#4473=CARTESIAN_POINT('Origin',(-57.639999999997,-63.1985992994698,-21.6214007005327));
#4474=CARTESIAN_POINT('Origin',(-10.7799999999971,-88.1985992994698,21.0585992994673));
#4475=CARTESIAN_POINT('',(-10.7799999999971,-63.1985992994698,23.5585992994673));
#4476=CARTESIAN_POINT('',(-13.2799999999971,-63.1985992994698,21.0585992994673));
#4477=CARTESIAN_POINT('Origin',(-10.7799999999971,-63.1985992994698,21.0585992994673));
#4478=CARTESIAN_POINT('',(-13.2799999999971,-88.1985992994698,21.0585992994673));
#4479=CARTESIAN_POINT('',(-13.2799999999971,-88.1985992994698,21.0585992994673));
#4480=CARTESIAN_POINT('',(-10.7799999999971,-88.1985992994698,23.5585992994673));
#4481=CARTESIAN_POINT('Origin',(-10.7799999999971,-88.1985992994698,21.0585992994673));
#4482=CARTESIAN_POINT('',(-10.7799999999971,-88.1985992994698,23.5585992994673));
#4483=CARTESIAN_POINT('Origin',(-13.2799999999971,-88.1985992994698,23.5585992994673));
#4484=CARTESIAN_POINT('',(69.5000000000029,-88.1985992994698,23.5585992994673));
#4485=CARTESIAN_POINT('',(-13.2799999999971,-88.1985992994698,23.5585992994673));
#4486=CARTESIAN_POINT('',(69.5000000000029,-63.1985992994698,23.5585992994673));
#4487=CARTESIAN_POINT('',(69.5000000000029,-88.1985992994698,23.5585992994673));
#4488=CARTESIAN_POINT('',(-13.2799999999971,-63.1985992994698,23.5585992994673));
#4489=CARTESIAN_POINT('Origin',(29.3600000000029,-88.1985992994698,-21.6214007005327));
#4490=CARTESIAN_POINT('',(-13.2799999999971,-88.1985992994698,-66.8014007005327));
#4491=CARTESIAN_POINT('',(-13.2799999999971,-88.1985992994698,-66.8014007005327));
#4492=CARTESIAN_POINT('',(72.0000000000029,-88.1985992994698,-66.8014007005327));
#4493=CARTESIAN_POINT('',(72.0000000000029,-88.1985992994698,-66.8014007005327));
#4494=CARTESIAN_POINT('',(72.0000000000029,-88.1985992994698,21.0585992994673));
#4495=CARTESIAN_POINT('',(72.0000000000029,-88.1985992994698,23.5585992994673));
#4496=CARTESIAN_POINT('Origin',(69.5000000000029,-88.1985992994698,21.0585992994673));
#4497=CARTESIAN_POINT('',(-11.6799999999971,-88.1985992994698,-65.2014007005327));
#4498=CARTESIAN_POINT('',(-11.6799999999971,-88.1985992994698,21.9585992994672));
#4499=CARTESIAN_POINT('',(-11.6799999999971,-88.1985992994698,21.9585992994672));
#4500=CARTESIAN_POINT('',(70.4000000000028,-88.1985992994698,21.9585992994672));
#4501=CARTESIAN_POINT('',(70.4000000000028,-88.1985992994698,21.9585992994672));
#4502=CARTESIAN_POINT('',(70.4000000000028,-88.1985992994698,-65.2014007005327));
#4503=CARTESIAN_POINT('',(70.4000000000028,-88.1985992994698,-65.2014007005327));
#4504=CARTESIAN_POINT('',(-11.6799999999971,-88.1985992994698,-65.2014007005327));
#4505=CARTESIAN_POINT('Origin',(69.5000000000029,-88.1985992994698,21.0585992994673));
#4506=CARTESIAN_POINT('',(72.0000000000029,-63.1985992994698,21.0585992994673));
#4507=CARTESIAN_POINT('Origin',(69.5000000000029,-63.1985992994698,21.0585992994673));
#4508=CARTESIAN_POINT('',(72.0000000000029,-88.1985992994698,21.0585992994673));
#4509=CARTESIAN_POINT('Origin',(-13.2799999999971,-73.6885992994698,14.0585992994674));
#4510=CARTESIAN_POINT('',(-11.6799999999971,-85.6885994782838,14.0585992994674));
#4511=CARTESIAN_POINT('',(-11.6799999999971,-73.6885992994698,14.0585992994674));
#4512=CARTESIAN_POINT('',(-11.6799999999971,-80.9435992994698,14.0585992994674));
#4513=CARTESIAN_POINT('',(-13.2799999999971,-85.6885994782838,14.0585992994674));
#4514=CARTESIAN_POINT('',(-13.2799999999971,-85.6885994782838,14.0585992994674));
#4515=CARTESIAN_POINT('',(-13.2799999999971,-73.6885992994698,14.0585992994674));
#4516=CARTESIAN_POINT('',(-13.2799999999971,-80.9435992994698,14.0585992994674));
#4517=CARTESIAN_POINT('',(-13.2799999999971,-73.6885992994698,14.0585992994674));
#4518=CARTESIAN_POINT('Origin',(-13.2799999999971,-73.6885992994698,4.05859929946728));
#4519=CARTESIAN_POINT('',(-11.6799999999971,-73.6885992994698,4.05859929946728));
#4520=CARTESIAN_POINT('',(-11.6799999999971,-73.6885992994698,13.0085992994672));
#4521=CARTESIAN_POINT('',(-13.2799999999971,-73.6885992994698,4.05859929946728));
#4522=CARTESIAN_POINT('',(-13.2799999999971,-73.6885992994698,-31.3714007005327));
#4523=CARTESIAN_POINT('',(-13.2799999999971,-73.6885992994698,4.05859929946728));
#4524=CARTESIAN_POINT('Origin',(-13.2799999999971,-85.6885994782838,4.05859929946728));
#4525=CARTESIAN_POINT('',(-11.6799999999971,-85.6885994782838,4.05859929946728));
#4526=CARTESIAN_POINT('',(-11.6799999999971,-86.9435993888768,4.05859929946728));
#4527=CARTESIAN_POINT('',(-13.2799999999971,-85.6885994782838,4.05859929946728));
#4528=CARTESIAN_POINT('',(-13.2799999999971,-86.9435993888768,4.05859929946728));
#4529=CARTESIAN_POINT('',(-13.2799999999971,-85.6885994782838,4.05859929946728));
#4530=CARTESIAN_POINT('Origin',(-13.2799999999971,-85.6885994782838,14.0585992994674));
#4531=CARTESIAN_POINT('',(-11.6799999999971,-85.6885994782838,18.0085992994673));
#4532=CARTESIAN_POINT('',(-13.2799999999971,-85.6885994782838,-26.3714007005327));
#4533=CARTESIAN_POINT('Origin',(70.4000000000028,-88.1985992994698,21.9585992994672));
#4534=CARTESIAN_POINT('',(-11.6799999999971,-63.1985992994698,21.9585992994672));
#4535=CARTESIAN_POINT('',(-11.6799999999971,-88.1985992994698,21.9585992994672));
#4536=CARTESIAN_POINT('',(70.4000000000028,-63.1985992994698,21.9585992994672));
#4537=CARTESIAN_POINT('',(70.4000000000028,-63.1985992994698,21.9585992994672));
#4538=CARTESIAN_POINT('',(70.4000000000028,-88.1985992994698,21.9585992994672));
#4539=CARTESIAN_POINT('Origin',(70.4000000000028,-88.1985992994698,-65.2014007005327));
#4540=CARTESIAN_POINT('',(70.4000000000028,-63.1985992994698,-65.2014007005327));
#4541=CARTESIAN_POINT('',(70.4000000000028,-63.1985992994698,-65.2014007005327));
#4542=CARTESIAN_POINT('',(70.4000000000028,-88.1985992994698,-65.2014007005327));
#4543=CARTESIAN_POINT('Origin',(-11.6799999999971,-88.1985992994698,-65.2014007005327));
#4544=CARTESIAN_POINT('',(-11.6799999999971,-63.1985992994698,-65.2014007005327));
#4545=CARTESIAN_POINT('',(-11.6799999999971,-63.1985992994698,-65.2014007005327));
#4546=CARTESIAN_POINT('',(-11.6799999999971,-88.1985992994698,-65.2014007005327));
#4547=CARTESIAN_POINT('Origin',(-11.6799999999971,-88.1985992994698,21.9585992994672));
#4548=CARTESIAN_POINT('',(-11.6799999999971,-63.1985992994698,21.9585992994672));
#4549=CARTESIAN_POINT('Origin',(-13.2799999999971,-88.1985992994698,-66.8014007005327));
#4550=CARTESIAN_POINT('',(-13.2799999999971,-63.1985992994698,-66.8014007005327));
#4551=CARTESIAN_POINT('',(-13.2799999999971,-63.1985992994698,-66.8014007005327));
#4552=CARTESIAN_POINT('',(-13.2799999999971,-88.1985992994698,-66.8014007005327));
#4553=CARTESIAN_POINT('Origin',(72.0000000000029,-88.1985992994698,-66.8014007005327));
#4554=CARTESIAN_POINT('',(72.0000000000029,-63.1985992994698,-66.8014007005327));
#4555=CARTESIAN_POINT('',(72.0000000000029,-63.1985992994698,-66.8014007005327));
#4556=CARTESIAN_POINT('',(72.0000000000029,-88.1985992994698,-66.8014007005327));
#4557=CARTESIAN_POINT('Origin',(72.0000000000029,-88.1985992994698,23.5585992994673));
#4558=CARTESIAN_POINT('',(72.0000000000029,-63.1985992994698,23.5585992994673));
#4559=CARTESIAN_POINT('Origin',(29.3600000000029,-63.1985992994698,-21.6214007005327));
#4560=CARTESIAN_POINT('Origin',(-31.0400000000063,-63.6985992994755,105.698599299458));
#4561=CARTESIAN_POINT('',(-95.0000000000063,-63.6985992994755,108.198599299458));
#4562=CARTESIAN_POINT('',(-95.0000000000063,-66.1985992994755,105.698599299458));
#4563=CARTESIAN_POINT('Origin',(-95.0000000000063,-63.6985992994755,105.698599299458));
#4564=CARTESIAN_POINT('',(-9.72000000000628,-66.1985992994755,105.698599299458));
#4565=CARTESIAN_POINT('',(-31.0400000000063,-66.1985992994755,105.698599299458));
#4566=CARTESIAN_POINT('',(-9.7200000000063,-63.6985992994755,108.198599299458));
#4567=CARTESIAN_POINT('Origin',(-9.7200000000063,-63.6985992994755,105.698599299458));
#4568=CARTESIAN_POINT('',(-31.0400000000063,-63.6985992994755,108.198599299458));
#4569=CARTESIAN_POINT('Origin',(-95.0000000000063,-63.1985992994755,108.198599299458));
#4570=CARTESIAN_POINT('',(-95.0000000000063,-63.1985992994755,108.198599299458));
#4571=CARTESIAN_POINT('',(-95.0000000000063,-63.1985992994755,108.198599299458));
#4572=CARTESIAN_POINT('',(-95.0000000000063,-63.1985992994755,25.8385992994579));
#4573=CARTESIAN_POINT('',(-95.0000000000063,-63.1985992994755,108.198599299458));
#4574=CARTESIAN_POINT('',(-95.0000000000063,-66.1985992994755,25.8385992994579));
#4575=CARTESIAN_POINT('',(-95.0000000000063,-63.1985992994755,25.8385992994579));
#4576=CARTESIAN_POINT('',(-95.0000000000063,-66.1985992994755,108.198599299458));
#4577=CARTESIAN_POINT('Origin',(-9.7200000000063,-63.1985992994755,108.198599299458));
#4578=CARTESIAN_POINT('',(-9.7200000000063,-63.1985992994755,108.198599299458));
#4579=CARTESIAN_POINT('',(-9.7200000000063,-63.1985992994755,108.198599299458));
#4580=CARTESIAN_POINT('',(-9.7200000000063,-63.1985992994755,108.198599299458));
#4581=CARTESIAN_POINT('Origin',(-64.2925010995635,-63.1985992994755,71.1985987465139));
#4582=CARTESIAN_POINT('',(-66.1925010995635,-66.1985992994754,71.1985987465139));
#4583=CARTESIAN_POINT('Origin',(-64.2925010995635,-66.1985992994754,71.1985987465139));
#4584=CARTESIAN_POINT('',(-66.1925010995635,-63.1985992994755,71.1985987465139));
#4585=CARTESIAN_POINT('',(-66.1925010995635,-63.1985992994755,71.1985987465139));
#4586=CARTESIAN_POINT('Origin',(-64.2925010995635,-63.1985992994755,71.1985987465139));
#4587=CARTESIAN_POINT('Origin',(-40.4275010995636,-63.1985992994755,71.198598746514));
#4588=CARTESIAN_POINT('',(-42.3275010995636,-66.1985992994754,71.198598746514));
#4589=CARTESIAN_POINT('Origin',(-40.4275010995636,-66.1985992994754,71.198598746514));
#4590=CARTESIAN_POINT('',(-42.3275010995636,-63.1985992994755,71.198598746514));
#4591=CARTESIAN_POINT('',(-42.3275010995636,-63.1985992994755,71.198598746514));
#4592=CARTESIAN_POINT('Origin',(-40.4275010995636,-63.1985992994755,71.198598746514));
#4593=CARTESIAN_POINT('Origin',(-9.7200000000063,-63.1985992994755,25.8385992994579));
#4594=CARTESIAN_POINT('',(-9.7200000000063,-66.1985992994755,25.8385992994579));
#4595=CARTESIAN_POINT('',(-9.7200000000063,-66.1985992994755,25.8385992994579));
#4596=CARTESIAN_POINT('',(-9.7200000000063,-63.1985992994755,25.8385992994579));
#4597=CARTESIAN_POINT('',(-9.7200000000063,-63.1985992994755,25.8385992994579));
#4598=CARTESIAN_POINT('',(-9.7200000000063,-63.1985992994755,25.8385992994579));
#4599=CARTESIAN_POINT('Origin',(-95.0000000000063,-63.1985992994755,25.8385992994579));
#4600=CARTESIAN_POINT('',(-95.0000000000063,-63.1985992994755,25.8385992994579));
#4601=CARTESIAN_POINT('',(-95.0000000000063,-66.1985992994755,25.8385992994579));
#4602=CARTESIAN_POINT('Origin',(-52.3600000000063,-66.1985992994755,67.0185992994579));
#4603=CARTESIAN_POINT('Origin',(-52.3600000000063,-63.1985992994755,67.0185992994579));
#4604=CARTESIAN_POINT('Origin',(-2.49999999997352,-65.6985992994522,-33.3014007005504));
#4605=CARTESIAN_POINT('',(-2.49999999997352,-63.1985992994522,-35.5514007005504));
#4606=CARTESIAN_POINT('Origin',(-2.49999999997352,-63.1985992994522,-33.3014007005504));
#4607=CARTESIAN_POINT('',(-2.49999999997352,-65.6985992994522,-35.5514007005504));
#4608=CARTESIAN_POINT('',(-2.49999999997352,-65.6985992994522,-35.5514007005504));
#4609=CARTESIAN_POINT('Origin',(-2.49999999997352,-65.6985992994522,-33.3014007005504));
#4610=CARTESIAN_POINT('Origin',(2.65121258280487E-11,-65.6985992994522,
-41.8014007005504));
#4611=CARTESIAN_POINT('',(2.65121258280487E-11,-65.6985992994522,-41.8014007005504));
#4612=CARTESIAN_POINT('',(-4.99999999997349,-65.6985992994522,-41.8014007005504));
#4613=CARTESIAN_POINT('',(2.65121258280487E-11,-65.6985992994522,-41.8014007005504));
#4614=CARTESIAN_POINT('',(-4.99999999997349,-63.1985992994522,-41.8014007005504));
#4615=CARTESIAN_POINT('',(-4.99999999997349,-65.6985992994522,-41.8014007005504));
#4616=CARTESIAN_POINT('',(2.65121258280487E-11,-63.1985992994522,-41.8014007005504));
#4617=CARTESIAN_POINT('',(2.65121258280487E-11,-63.1985992994522,-41.8014007005504));
#4618=CARTESIAN_POINT('',(2.65121258280487E-11,-65.6985992994522,-41.8014007005504));
#4619=CARTESIAN_POINT('Origin',(2.65121258280487E-11,-65.6985992994522,
-33.3014007005504));
#4620=CARTESIAN_POINT('',(2.65121258280487E-11,-65.6985992994522,-33.3014007005504));
#4621=CARTESIAN_POINT('',(2.65121258280487E-11,-65.6985992994522,-33.3014007005504));
#4622=CARTESIAN_POINT('',(2.65121258280487E-11,-63.1985992994522,-33.3014007005504));
#4623=CARTESIAN_POINT('',(2.65121258280487E-11,-63.1985992994522,-33.3014007005504));
#4624=CARTESIAN_POINT('',(2.65121258280487E-11,-65.6985992994522,-33.3014007005504));
#4625=CARTESIAN_POINT('Origin',(-2.49999999997352,-65.6985992994522,-33.3014007005504));
#4626=CARTESIAN_POINT('',(-4.99999999997349,-65.6985992994522,-33.3014007005504));
#4627=CARTESIAN_POINT('Origin',(-2.49999999997352,-65.6985992994522,-33.3014007005504));
#4628=CARTESIAN_POINT('',(-4.99999999997349,-63.1985992994522,-33.3014007005504));
#4629=CARTESIAN_POINT('Origin',(-2.49999999997352,-63.1985992994522,-33.3014007005504));
#4630=CARTESIAN_POINT('',(-4.99999999997349,-65.6985992994522,-33.3014007005504));
#4631=CARTESIAN_POINT('Origin',(-4.99999999997349,-65.6985992994522,-41.8014007005504));
#4632=CARTESIAN_POINT('',(-4.99999999997349,-65.6985992994522,-41.8014007005504));
#4633=CARTESIAN_POINT('',(-4.99999999997349,-63.1985992994522,-41.8014007005504));
#4634=CARTESIAN_POINT('Origin',(-2.49999999997352,-63.1985992994522,-36.3014007005504));
#4635=CARTESIAN_POINT('Origin',(-2.49999999997352,-65.6985992994522,-36.3014007005504));
#4636=CARTESIAN_POINT('Origin',(12.5000000000264,-65.6985992994522,-33.3014007005503));
#4637=CARTESIAN_POINT('',(12.5000000000264,-63.1985992994522,-35.5514007005503));
#4638=CARTESIAN_POINT('Origin',(12.5000000000264,-63.1985992994522,-33.3014007005503));
#4639=CARTESIAN_POINT('',(12.5000000000264,-65.6985992994522,-35.5514007005503));
#4640=CARTESIAN_POINT('',(12.5000000000264,-65.6985992994522,-35.5514007005503));
#4641=CARTESIAN_POINT('Origin',(12.5000000000264,-65.6985992994522,-33.3014007005503));
#4642=CARTESIAN_POINT('Origin',(15.0000000000264,-65.6985992994522,-41.8014007005503));
#4643=CARTESIAN_POINT('',(15.0000000000264,-65.6985992994522,-41.8014007005503));
#4644=CARTESIAN_POINT('',(10.0000000000264,-65.6985992994522,-41.8014007005503));
#4645=CARTESIAN_POINT('',(15.0000000000264,-65.6985992994522,-41.8014007005503));
#4646=CARTESIAN_POINT('',(10.0000000000264,-63.1985992994522,-41.8014007005503));
#4647=CARTESIAN_POINT('',(10.0000000000264,-65.6985992994522,-41.8014007005503));
#4648=CARTESIAN_POINT('',(15.0000000000264,-63.1985992994522,-41.8014007005503));
#4649=CARTESIAN_POINT('',(15.0000000000264,-63.1985992994522,-41.8014007005503));
#4650=CARTESIAN_POINT('',(15.0000000000264,-65.6985992994522,-41.8014007005503));
#4651=CARTESIAN_POINT('Origin',(15.0000000000264,-65.6985992994522,-33.3014007005503));
#4652=CARTESIAN_POINT('',(15.0000000000264,-65.6985992994522,-33.3014007005503));
#4653=CARTESIAN_POINT('',(15.0000000000264,-65.6985992994522,-33.3014007005503));
#4654=CARTESIAN_POINT('',(15.0000000000264,-63.1985992994522,-33.3014007005503));
#4655=CARTESIAN_POINT('',(15.0000000000264,-63.1985992994522,-33.3014007005503));
#4656=CARTESIAN_POINT('',(15.0000000000264,-65.6985992994522,-33.3014007005503));
#4657=CARTESIAN_POINT('Origin',(12.5000000000264,-65.6985992994522,-33.3014007005503));
#4658=CARTESIAN_POINT('',(10.0000000000264,-65.6985992994522,-33.3014007005503));
#4659=CARTESIAN_POINT('Origin',(12.5000000000264,-65.6985992994522,-33.3014007005503));
#4660=CARTESIAN_POINT('',(10.0000000000264,-63.1985992994522,-33.3014007005503));
#4661=CARTESIAN_POINT('Origin',(12.5000000000264,-63.1985992994522,-33.3014007005503));
#4662=CARTESIAN_POINT('',(10.0000000000264,-65.6985992994522,-33.3014007005503));
#4663=CARTESIAN_POINT('Origin',(10.0000000000264,-65.6985992994522,-41.8014007005503));
#4664=CARTESIAN_POINT('',(10.0000000000264,-65.6985992994522,-41.8014007005503));
#4665=CARTESIAN_POINT('',(10.0000000000264,-63.1985992994522,-41.8014007005503));
#4666=CARTESIAN_POINT('Origin',(12.5000000000264,-63.1985992994522,-36.3014007005503));
#4667=CARTESIAN_POINT('Origin',(12.5000000000264,-65.6985992994522,-36.3014007005503));
#4668=CARTESIAN_POINT('Origin',(27.5000000000265,-63.1985992994522,-48.3014007005504));
#4669=CARTESIAN_POINT('',(27.5000000000265,-65.6985992994522,-50.5514007005504));
#4670=CARTESIAN_POINT('Origin',(27.5000000000265,-65.6985992994522,-48.3014007005504));
#4671=CARTESIAN_POINT('',(27.5000000000265,-63.1985992994522,-50.5514007005504));
#4672=CARTESIAN_POINT('',(27.5000000000265,-63.1985992994522,-50.5514007005504));
#4673=CARTESIAN_POINT('Origin',(27.5000000000265,-63.1985992994522,-48.3014007005504));
#4674=CARTESIAN_POINT('Origin',(25.0000000000264,-63.1985992994522,-56.8014007005504));
#4675=CARTESIAN_POINT('',(25.0000000000264,-63.1985992994522,-56.8014007005504));
#4676=CARTESIAN_POINT('',(30.0000000000264,-63.1985992994522,-56.8014007005503));
#4677=CARTESIAN_POINT('',(25.0000000000264,-63.1985992994522,-56.8014007005504));
#4678=CARTESIAN_POINT('',(30.0000000000264,-65.6985992994522,-56.8014007005503));
#4679=CARTESIAN_POINT('',(30.0000000000264,-63.1985992994522,-56.8014007005503));
#4680=CARTESIAN_POINT('',(25.0000000000264,-65.6985992994522,-56.8014007005504));
#4681=CARTESIAN_POINT('',(25.0000000000264,-65.6985992994522,-56.8014007005504));
#4682=CARTESIAN_POINT('',(25.0000000000264,-63.1985992994522,-56.8014007005504));
#4683=CARTESIAN_POINT('Origin',(25.0000000000264,-63.1985992994522,-48.3014007005504));
#4684=CARTESIAN_POINT('',(25.0000000000264,-63.1985992994522,-48.3014007005504));
#4685=CARTESIAN_POINT('',(25.0000000000264,-63.1985992994522,-48.3014007005504));
#4686=CARTESIAN_POINT('',(25.0000000000264,-65.6985992994522,-48.3014007005504));
#4687=CARTESIAN_POINT('',(25.0000000000264,-65.6985992994522,-48.3014007005504));
#4688=CARTESIAN_POINT('',(25.0000000000264,-63.1985992994522,-48.3014007005504));
#4689=CARTESIAN_POINT('Origin',(27.5000000000265,-63.1985992994522,-48.3014007005504));
#4690=CARTESIAN_POINT('',(30.0000000000264,-63.1985992994522,-48.3014007005503));
#4691=CARTESIAN_POINT('Origin',(27.5000000000265,-63.1985992994522,-48.3014007005504));
#4692=CARTESIAN_POINT('',(30.0000000000264,-65.6985992994522,-48.3014007005503));
#4693=CARTESIAN_POINT('Origin',(27.5000000000265,-65.6985992994522,-48.3014007005504));
#4694=CARTESIAN_POINT('',(30.0000000000264,-63.1985992994522,-48.3014007005503));
#4695=CARTESIAN_POINT('Origin',(30.0000000000264,-63.1985992994522,-56.8014007005503));
#4696=CARTESIAN_POINT('',(30.0000000000264,-63.1985992994522,-56.8014007005503));
#4697=CARTESIAN_POINT('',(30.0000000000264,-65.6985992994522,-56.8014007005503));
#4698=CARTESIAN_POINT('Origin',(27.5000000000265,-65.6985992994522,-51.3014007005504));
#4699=CARTESIAN_POINT('Origin',(27.5000000000265,-63.1985992994522,-51.3014007005504));
#4700=CARTESIAN_POINT('Origin',(27.5000000000265,-63.1985992994522,-33.3014007005504));
#4701=CARTESIAN_POINT('',(27.5000000000265,-65.6985992994522,-35.5514007005504));
#4702=CARTESIAN_POINT('Origin',(27.5000000000265,-65.6985992994522,-33.3014007005504));
#4703=CARTESIAN_POINT('',(27.5000000000265,-63.1985992994522,-35.5514007005504));
#4704=CARTESIAN_POINT('',(27.5000000000265,-63.1985992994522,-35.5514007005504));
#4705=CARTESIAN_POINT('Origin',(27.5000000000265,-63.1985992994522,-33.3014007005504));
#4706=CARTESIAN_POINT('Origin',(25.0000000000264,-63.1985992994522,-41.8014007005504));
#4707=CARTESIAN_POINT('',(25.0000000000264,-63.1985992994522,-41.8014007005504));
#4708=CARTESIAN_POINT('',(30.0000000000264,-63.1985992994522,-41.8014007005503));
#4709=CARTESIAN_POINT('',(25.0000000000264,-63.1985992994522,-41.8014007005504));
#4710=CARTESIAN_POINT('',(30.0000000000264,-65.6985992994522,-41.8014007005503));
#4711=CARTESIAN_POINT('',(30.0000000000264,-63.1985992994522,-41.8014007005503));
#4712=CARTESIAN_POINT('',(25.0000000000264,-65.6985992994522,-41.8014007005504));
#4713=CARTESIAN_POINT('',(25.0000000000264,-65.6985992994522,-41.8014007005504));
#4714=CARTESIAN_POINT('',(25.0000000000264,-63.1985992994522,-41.8014007005504));
#4715=CARTESIAN_POINT('Origin',(25.0000000000264,-63.1985992994522,-33.3014007005504));
#4716=CARTESIAN_POINT('',(25.0000000000264,-63.1985992994522,-33.3014007005504));
#4717=CARTESIAN_POINT('',(25.0000000000264,-63.1985992994522,-33.3014007005504));
#4718=CARTESIAN_POINT('',(25.0000000000264,-65.6985992994522,-33.3014007005504));
#4719=CARTESIAN_POINT('',(25.0000000000264,-65.6985992994522,-33.3014007005504));
#4720=CARTESIAN_POINT('',(25.0000000000264,-63.1985992994522,-33.3014007005504));
#4721=CARTESIAN_POINT('Origin',(27.5000000000265,-63.1985992994522,-33.3014007005504));
#4722=CARTESIAN_POINT('',(30.0000000000264,-63.1985992994522,-33.3014007005503));
#4723=CARTESIAN_POINT('Origin',(27.5000000000265,-63.1985992994522,-33.3014007005504));
#4724=CARTESIAN_POINT('',(30.0000000000264,-65.6985992994522,-33.3014007005503));
#4725=CARTESIAN_POINT('Origin',(27.5000000000265,-65.6985992994522,-33.3014007005504));
#4726=CARTESIAN_POINT('',(30.0000000000264,-63.1985992994522,-33.3014007005503));
#4727=CARTESIAN_POINT('Origin',(30.0000000000264,-63.1985992994522,-41.8014007005503));
#4728=CARTESIAN_POINT('',(30.0000000000264,-63.1985992994522,-41.8014007005503));
#4729=CARTESIAN_POINT('',(30.0000000000264,-65.6985992994522,-41.8014007005503));
#4730=CARTESIAN_POINT('Origin',(27.5000000000265,-65.6985992994522,-36.3014007005504));
#4731=CARTESIAN_POINT('Origin',(27.5000000000265,-63.1985992994522,-36.3014007005504));
#4732=CARTESIAN_POINT('Origin',(3.5000000000194,-66.6985992994622,-49.3014007005403));
#4733=CARTESIAN_POINT('',(1.50000000002232,-64.1985992994598,-49.3014007005426));
#4734=CARTESIAN_POINT('Origin',(3.50000000002235,-64.1985992994622,-49.3014007005403));
#4735=CARTESIAN_POINT('',(1.50000000001937,-66.6985992994598,-49.3014007005426));
#4736=CARTESIAN_POINT('',(1.50000000001941,-66.6985992994598,-49.3014007005426));
#4737=CARTESIAN_POINT('Origin',(3.5000000000194,-66.6985992994622,-49.3014007005403));
#4738=CARTESIAN_POINT('Origin',(3.5000000000194,-66.6985992994622,-49.3014007005403));
#4739=CARTESIAN_POINT('Origin',(-4.99999999997471,-64.1985992994522,-51.8014007005503));
#4740=CARTESIAN_POINT('',(-4.99999999997471,-64.1985992994522,-51.8014007005503));
#4741=CARTESIAN_POINT('',(-4.99999999998061,-64.1985992994522,-46.8014007005503));
#4742=CARTESIAN_POINT('',(-4.99999999997471,-64.1985992994522,-51.8014007005503));
#4743=CARTESIAN_POINT('',(-4.99999999997944,-63.1985992994522,-46.8014007005503));
#4744=CARTESIAN_POINT('',(-4.99999999998061,-64.1985992994522,-46.8014007005503));
#4745=CARTESIAN_POINT('',(-4.99999999997354,-63.1985992994522,-51.8014007005503));
#4746=CARTESIAN_POINT('',(-4.99999999997354,-63.1985992994522,-51.8014007005503));
#4747=CARTESIAN_POINT('',(-4.99999999997471,-64.1985992994522,-51.8014007005503));
#4748=CARTESIAN_POINT('Origin',(3.5000000000253,-64.1985992994622,-51.8014007005403));
#4749=CARTESIAN_POINT('',(3.5000000000253,-64.1985992994622,-51.8014007005403));
#4750=CARTESIAN_POINT('',(3.5000000000253,-64.1985992994622,-51.8014007005403));
#4751=CARTESIAN_POINT('',(3.50000000002647,-63.1985992994622,-51.8014007005403));
#4752=CARTESIAN_POINT('',(3.50000000002647,-63.1985992994622,-51.8014007005403));
#4753=CARTESIAN_POINT('',(3.5000000000253,-64.1985992994622,-51.8014007005403));
#4754=CARTESIAN_POINT('Origin',(3.50000000002235,-64.1985992994622,-49.3014007005403));
#4755=CARTESIAN_POINT('',(3.5000000000194,-64.1985992994622,-46.8014007005403));
#4756=CARTESIAN_POINT('Origin',(3.50000000002235,-64.1985992994622,-49.3014007005403));
#4757=CARTESIAN_POINT('',(3.50000000002058,-63.1985992994622,-46.8014007005403));
#4758=CARTESIAN_POINT('Origin',(3.50000000002352,-63.1985992994622,-49.3014007005403));
#4759=CARTESIAN_POINT('',(3.5000000000194,-64.1985992994622,-46.8014007005403));
#4760=CARTESIAN_POINT('Origin',(-4.99999999998061,-64.1985992994522,-46.8014007005503));
#4761=CARTESIAN_POINT('',(-4.99999999998061,-64.1985992994522,-46.8014007005503));
#4762=CARTESIAN_POINT('',(-4.99999999997944,-63.1985992994522,-46.8014007005503));
#4763=CARTESIAN_POINT('Origin',(0.500000000023482,-63.1985992994586,-49.3014007005438));
#4764=CARTESIAN_POINT('Origin',(0.500000000022309,-64.1985992994586,-49.3014007005438));
#4765=CARTESIAN_POINT('Origin',(3.50000000002646,-66.6985992994522,-59.3014007005503));
#4766=CARTESIAN_POINT('',(1.50000000002643,-64.1985992994522,-59.3014007005503));
#4767=CARTESIAN_POINT('Origin',(3.50000000002646,-64.1985992994522,-59.3014007005503));
#4768=CARTESIAN_POINT('',(1.50000000002643,-66.6985992994522,-59.3014007005503));
#4769=CARTESIAN_POINT('',(1.50000000002646,-66.6985992994522,-59.3014007005503));
#4770=CARTESIAN_POINT('Origin',(3.50000000002646,-66.6985992994522,-59.3014007005503));
#4771=CARTESIAN_POINT('Origin',(3.50000000002646,-66.6985992994522,-59.3014007005503));
#4772=CARTESIAN_POINT('Origin',(-4.99999999997356,-64.1985992994522,-61.8014007005503));
#4773=CARTESIAN_POINT('',(-4.99999999997356,-64.1985992994522,-61.8014007005503));
#4774=CARTESIAN_POINT('',(-4.99999999997356,-64.1985992994522,-56.8014007005503));
#4775=CARTESIAN_POINT('',(-4.99999999997356,-64.1985992994522,-61.8014007005503));
#4776=CARTESIAN_POINT('',(-4.99999999997356,-63.1985992994522,-56.8014007005503));
#4777=CARTESIAN_POINT('',(-4.99999999997356,-64.1985992994522,-56.8014007005503));
#4778=CARTESIAN_POINT('',(-4.99999999997356,-63.1985992994522,-61.8014007005503));
#4779=CARTESIAN_POINT('',(-4.99999999997356,-63.1985992994522,-61.8014007005503));
#4780=CARTESIAN_POINT('',(-4.99999999997356,-64.1985992994522,-61.8014007005503));
#4781=CARTESIAN_POINT('Origin',(3.50000000002646,-64.1985992994522,-61.8014007005503));
#4782=CARTESIAN_POINT('',(3.50000000002646,-64.1985992994522,-61.8014007005503));
#4783=CARTESIAN_POINT('',(3.50000000002646,-64.1985992994522,-61.8014007005503));
#4784=CARTESIAN_POINT('',(3.50000000002646,-63.1985992994522,-61.8014007005503));
#4785=CARTESIAN_POINT('',(3.50000000002646,-63.1985992994522,-61.8014007005503));
#4786=CARTESIAN_POINT('',(3.50000000002646,-64.1985992994522,-61.8014007005503));
#4787=CARTESIAN_POINT('Origin',(3.50000000002646,-64.1985992994522,-59.3014007005503));
#4788=CARTESIAN_POINT('',(3.50000000002646,-64.1985992994522,-56.8014007005503));
#4789=CARTESIAN_POINT('Origin',(3.50000000002646,-64.1985992994522,-59.3014007005503));
#4790=CARTESIAN_POINT('',(3.50000000002646,-63.1985992994522,-56.8014007005503));
#4791=CARTESIAN_POINT('Origin',(3.50000000002646,-63.1985992994522,-59.3014007005503));
#4792=CARTESIAN_POINT('',(3.50000000002646,-64.1985992994522,-56.8014007005503));
#4793=CARTESIAN_POINT('Origin',(-4.99999999997356,-64.1985992994522,-56.8014007005503));
#4794=CARTESIAN_POINT('',(-4.99999999997356,-64.1985992994522,-56.8014007005503));
#4795=CARTESIAN_POINT('',(-4.99999999997356,-63.1985992994522,-56.8014007005503));
#4796=CARTESIAN_POINT('Origin',(0.500000000026413,-63.1985992994522,-59.3014007005503));
#4797=CARTESIAN_POINT('Origin',(0.500000000026413,-64.1985992994522,-59.3014007005503));
#4798=CARTESIAN_POINT('Origin',(18.5000000000265,-66.6985992994522,-59.3014007005503));
#4799=CARTESIAN_POINT('',(16.5000000000264,-64.1985992994522,-59.3014007005503));
#4800=CARTESIAN_POINT('Origin',(18.5000000000265,-64.1985992994522,-59.3014007005503));
#4801=CARTESIAN_POINT('',(16.5000000000264,-66.6985992994522,-59.3014007005503));
#4802=CARTESIAN_POINT('',(16.5000000000265,-66.6985992994522,-59.3014007005503));
#4803=CARTESIAN_POINT('Origin',(18.5000000000265,-66.6985992994522,-59.3014007005503));
#4804=CARTESIAN_POINT('Origin',(18.5000000000265,-66.6985992994522,-59.3014007005503));
#4805=CARTESIAN_POINT('Origin',(10.0000000000264,-64.1985992994522,-61.8014007005504));
#4806=CARTESIAN_POINT('',(10.0000000000264,-64.1985992994522,-61.8014007005504));
#4807=CARTESIAN_POINT('',(10.0000000000264,-64.1985992994522,-56.8014007005504));
#4808=CARTESIAN_POINT('',(10.0000000000264,-64.1985992994522,-61.8014007005504));
#4809=CARTESIAN_POINT('',(10.0000000000264,-63.1985992994522,-56.8014007005504));
#4810=CARTESIAN_POINT('',(10.0000000000264,-64.1985992994522,-56.8014007005504));
#4811=CARTESIAN_POINT('',(10.0000000000264,-63.1985992994522,-61.8014007005504));
#4812=CARTESIAN_POINT('',(10.0000000000264,-63.1985992994522,-61.8014007005504));
#4813=CARTESIAN_POINT('',(10.0000000000264,-64.1985992994522,-61.8014007005504));
#4814=CARTESIAN_POINT('Origin',(18.5000000000265,-64.1985992994522,-61.8014007005504));
#4815=CARTESIAN_POINT('',(18.5000000000265,-64.1985992994522,-61.8014007005504));
#4816=CARTESIAN_POINT('',(18.5000000000265,-64.1985992994522,-61.8014007005504));
#4817=CARTESIAN_POINT('',(18.5000000000265,-63.1985992994522,-61.8014007005504));
#4818=CARTESIAN_POINT('',(18.5000000000265,-63.1985992994522,-61.8014007005504));
#4819=CARTESIAN_POINT('',(18.5000000000265,-64.1985992994522,-61.8014007005504));
#4820=CARTESIAN_POINT('Origin',(18.5000000000265,-64.1985992994522,-59.3014007005503));
#4821=CARTESIAN_POINT('',(18.5000000000265,-64.1985992994522,-56.8014007005504));
#4822=CARTESIAN_POINT('Origin',(18.5000000000265,-64.1985992994522,-59.3014007005503));
#4823=CARTESIAN_POINT('',(18.5000000000265,-63.1985992994522,-56.8014007005504));
#4824=CARTESIAN_POINT('Origin',(18.5000000000265,-63.1985992994522,-59.3014007005503));
#4825=CARTESIAN_POINT('',(18.5000000000265,-64.1985992994522,-56.8014007005504));
#4826=CARTESIAN_POINT('Origin',(10.0000000000264,-64.1985992994522,-56.8014007005504));
#4827=CARTESIAN_POINT('',(10.0000000000264,-64.1985992994522,-56.8014007005504));
#4828=CARTESIAN_POINT('',(10.0000000000264,-63.1985992994522,-56.8014007005504));
#4829=CARTESIAN_POINT('Origin',(15.5000000000264,-63.1985992994522,-59.3014007005503));
#4830=CARTESIAN_POINT('Origin',(15.5000000000264,-64.1985992994522,-59.3014007005503));
#4831=CARTESIAN_POINT('Origin',(18.5000000000265,-66.6985992994522,-49.3014007005503));
#4832=CARTESIAN_POINT('',(16.5000000000264,-64.1985992994522,-49.3014007005503));
#4833=CARTESIAN_POINT('Origin',(18.5000000000265,-64.1985992994522,-49.3014007005503));
#4834=CARTESIAN_POINT('',(16.5000000000264,-66.6985992994522,-49.3014007005503));
#4835=CARTESIAN_POINT('',(16.5000000000265,-66.6985992994522,-49.3014007005503));
#4836=CARTESIAN_POINT('Origin',(18.5000000000265,-66.6985992994522,-49.3014007005503));
#4837=CARTESIAN_POINT('Origin',(18.5000000000265,-66.6985992994522,-49.3014007005503));
#4838=CARTESIAN_POINT('Origin',(10.0000000000264,-64.1985992994522,-51.8014007005504));
#4839=CARTESIAN_POINT('',(10.0000000000264,-64.1985992994522,-51.8014007005504));
#4840=CARTESIAN_POINT('',(10.0000000000264,-64.1985992994522,-46.8014007005504));
#4841=CARTESIAN_POINT('',(10.0000000000264,-64.1985992994522,-51.8014007005504));
#4842=CARTESIAN_POINT('',(10.0000000000264,-63.1985992994522,-46.8014007005504));
#4843=CARTESIAN_POINT('',(10.0000000000264,-64.1985992994522,-46.8014007005504));
#4844=CARTESIAN_POINT('',(10.0000000000264,-63.1985992994522,-51.8014007005504));
#4845=CARTESIAN_POINT('',(10.0000000000264,-63.1985992994522,-51.8014007005504));
#4846=CARTESIAN_POINT('',(10.0000000000264,-64.1985992994522,-51.8014007005504));
#4847=CARTESIAN_POINT('Origin',(18.5000000000265,-64.1985992994522,-51.8014007005504));
#4848=CARTESIAN_POINT('',(18.5000000000265,-64.1985992994522,-51.8014007005504));
#4849=CARTESIAN_POINT('',(18.5000000000265,-64.1985992994522,-51.8014007005504));
#4850=CARTESIAN_POINT('',(18.5000000000265,-63.1985992994522,-51.8014007005504));
#4851=CARTESIAN_POINT('',(18.5000000000265,-63.1985992994522,-51.8014007005504));
#4852=CARTESIAN_POINT('',(18.5000000000265,-64.1985992994522,-51.8014007005504));
#4853=CARTESIAN_POINT('Origin',(18.5000000000265,-64.1985992994522,-49.3014007005503));
#4854=CARTESIAN_POINT('',(18.5000000000265,-64.1985992994522,-46.8014007005504));
#4855=CARTESIAN_POINT('Origin',(18.5000000000265,-64.1985992994522,-49.3014007005503));
#4856=CARTESIAN_POINT('',(18.5000000000265,-63.1985992994522,-46.8014007005504));
#4857=CARTESIAN_POINT('Origin',(18.5000000000265,-63.1985992994522,-49.3014007005503));
#4858=CARTESIAN_POINT('',(18.5000000000265,-64.1985992994522,-46.8014007005504));
#4859=CARTESIAN_POINT('Origin',(10.0000000000264,-64.1985992994522,-46.8014007005504));
#4860=CARTESIAN_POINT('',(10.0000000000264,-64.1985992994522,-46.8014007005504));
#4861=CARTESIAN_POINT('',(10.0000000000264,-63.1985992994522,-46.8014007005504));
#4862=CARTESIAN_POINT('Origin',(15.5000000000264,-63.1985992994522,-49.3014007005503));
#4863=CARTESIAN_POINT('Origin',(15.5000000000264,-64.1985992994522,-49.3014007005503));
#4864=CARTESIAN_POINT('Origin',(54.5240005159326,-67.1985992994522,-47.3014001846444));
#4865=CARTESIAN_POINT('',(54.5240005159326,-63.1985992994522,-60.9014001846444));
#4866=CARTESIAN_POINT('Origin',(54.5240005159326,-63.1985992994522,-47.3014001846444));
#4867=CARTESIAN_POINT('',(54.5240005159326,-67.1985992994522,-60.9014001846444));
#4868=CARTESIAN_POINT('',(54.5240005159326,-67.1985992994522,-60.9014001846444));
#4869=CARTESIAN_POINT('Origin',(54.5240005159326,-67.1985992994522,-47.3014001846444));
#4870=CARTESIAN_POINT('Origin',(42.0000005159325,-67.1985992994522,-61.8014001846443));
#4871=CARTESIAN_POINT('',(42.0000005159325,-67.1985992994522,-61.8014001846443));
#4872=CARTESIAN_POINT('',(42.0000005159325,-67.1985992994522,-54.6088911357163));
#4873=CARTESIAN_POINT('',(42.0000005159325,-67.1985992994522,-61.8014001846444));
#4874=CARTESIAN_POINT('',(42.0000005159325,-63.1985992994522,-54.6088911357164));
#4875=CARTESIAN_POINT('',(42.0000005159325,-67.1985992994522,-54.6088911357163));
#4876=CARTESIAN_POINT('',(42.0000005159325,-63.1985992994522,-61.8014001846443));
#4877=CARTESIAN_POINT('',(42.0000005159325,-63.1985992994522,-61.8014001846444));
#4878=CARTESIAN_POINT('',(42.0000005159325,-67.1985992994522,-61.8014001846443));
#4879=CARTESIAN_POINT('Origin',(67.0000005159325,-67.1985992994522,-61.8014001846444));
#4880=CARTESIAN_POINT('',(67.0000005159325,-67.1985992994522,-61.8014001846444));
#4881=CARTESIAN_POINT('',(42.0000005159325,-67.1985992994522,-61.8014001846443));
#4882=CARTESIAN_POINT('',(67.0000005159325,-63.1985992994522,-61.8014001846444));
#4883=CARTESIAN_POINT('',(42.0000005159325,-63.1985992994522,-61.8014001846443));
#4884=CARTESIAN_POINT('',(67.0000005159325,-67.1985992994522,-61.8014001846444));
#4885=CARTESIAN_POINT('Origin',(67.0000005159325,-67.1985992994522,-54.6905424894049));
#4886=CARTESIAN_POINT('',(67.0000005159325,-67.1985992994522,-54.6905424894049));
#4887=CARTESIAN_POINT('',(67.0000005159325,-67.1985992994522,-61.8014001846444));
#4888=CARTESIAN_POINT('',(67.0000005159325,-63.1985992994522,-54.6905424894049));
#4889=CARTESIAN_POINT('',(67.0000005159325,-63.1985992994522,-61.8014001846444));
#4890=CARTESIAN_POINT('',(67.0000005159325,-67.1985992994522,-54.6905424894049));
#4891=CARTESIAN_POINT('Origin',(54.5240005159326,-67.1985992994522,-47.3014001846444));
#4892=CARTESIAN_POINT('Origin',(54.5240005159326,-67.1985992994522,-47.3014001846444));
#4893=CARTESIAN_POINT('Origin',(54.5240005159326,-63.1985992994522,-47.3014001846444));
#4894=CARTESIAN_POINT('Origin',(54.5240005159326,-63.1985992994522,-47.3014001846444));
#4895=CARTESIAN_POINT('Origin',(54.5240005159326,-67.1985992994522,-47.3014001846444));
#4896=CARTESIAN_POINT('Origin',(5.5000000000265,-63.1985992994522,-14.3254007005504));
#4897=CARTESIAN_POINT('',(19.1000000000265,-67.1985992994522,-14.3254007005504));
#4898=CARTESIAN_POINT('Origin',(5.5000000000265,-67.1985992994522,-14.3254007005504));
#4899=CARTESIAN_POINT('',(19.1000000000265,-63.1985992994522,-14.3254007005504));
#4900=CARTESIAN_POINT('',(19.1000000000265,-63.1985992994522,-14.3254007005504));
#4901=CARTESIAN_POINT('Origin',(5.5000000000265,-63.1985992994522,-14.3254007005504));
#4902=CARTESIAN_POINT('Origin',(20.0000000000264,-63.1985992994522,-1.80140070055033));
#4903=CARTESIAN_POINT('',(20.0000000000264,-63.1985992994522,-1.80140070055033));
#4904=CARTESIAN_POINT('',(12.8074909510985,-63.1985992994522,-1.80140070055036));
#4905=CARTESIAN_POINT('',(20.0000000000265,-63.1985992994522,-1.80140070055033));
#4906=CARTESIAN_POINT('',(12.8074909510985,-67.1985992994522,-1.80140070055036));
#4907=CARTESIAN_POINT('',(12.8074909510985,-63.1985992994522,-1.80140070055036));
#4908=CARTESIAN_POINT('',(20.0000000000264,-67.1985992994522,-1.80140070055033));
#4909=CARTESIAN_POINT('',(20.0000000000265,-67.1985992994522,-1.80140070055033));
#4910=CARTESIAN_POINT('',(20.0000000000264,-63.1985992994522,-1.80140070055033));
#4911=CARTESIAN_POINT('Origin',(20.0000000000265,-63.1985992994522,-26.8014007005503));
#4912=CARTESIAN_POINT('',(20.0000000000265,-63.1985992994522,-26.8014007005503));
#4913=CARTESIAN_POINT('',(20.0000000000264,-63.1985992994522,-1.80140070055033));
#4914=CARTESIAN_POINT('',(20.0000000000265,-67.1985992994522,-26.8014007005503));
#4915=CARTESIAN_POINT('',(20.0000000000264,-67.1985992994522,-1.80140070055033));
#4916=CARTESIAN_POINT('',(20.0000000000265,-63.1985992994522,-26.8014007005503));
#4917=CARTESIAN_POINT('Origin',(12.889142304787,-63.1985992994522,-26.8014007005503));
#4918=CARTESIAN_POINT('',(12.889142304787,-63.1985992994522,-26.8014007005503));
#4919=CARTESIAN_POINT('',(20.0000000000265,-63.1985992994522,-26.8014007005503));
#4920=CARTESIAN_POINT('',(12.889142304787,-67.1985992994522,-26.8014007005503));
#4921=CARTESIAN_POINT('',(20.0000000000265,-67.1985992994522,-26.8014007005503));
#4922=CARTESIAN_POINT('',(12.889142304787,-63.1985992994522,-26.8014007005503));
#4923=CARTESIAN_POINT('Origin',(5.5000000000265,-63.1985992994522,-14.3254007005504));
#4924=CARTESIAN_POINT('Origin',(5.5000000000265,-63.1985992994522,-14.3254007005504));
#4925=CARTESIAN_POINT('Origin',(5.5000000000265,-67.1985992994522,-14.3254007005504));
#4926=CARTESIAN_POINT('Origin',(5.5000000000265,-67.1985992994522,-14.3254007005504));
#4927=CARTESIAN_POINT('Origin',(5.5000000000265,-63.1985992994522,-14.3254007005504));
#4928=CARTESIAN_POINT('',(0.,0.,0.));
#4929=CARTESIAN_POINT('Origin',(268.264395180933,-34.1852005949254,80.581401253476));
#4930=CARTESIAN_POINT('',(268.264395180933,-36.0852005949253,77.581401253476));
#4931=CARTESIAN_POINT('Origin',(268.264395180933,-34.1852005949253,77.581401253476));
#4932=CARTESIAN_POINT('',(268.264395180933,-36.0852005949253,80.581401253476));
#4933=CARTESIAN_POINT('',(268.264395180933,-36.0852005949254,80.581401253476));
#4934=CARTESIAN_POINT('Origin',(268.264395180933,-34.1852005949254,80.581401253476));
#4935=CARTESIAN_POINT('Origin',(268.264395180933,-82.3002005949252,80.5814012534755));
#4936=CARTESIAN_POINT('',(268.264395180933,-99.8502005949253,77.5814012534753));
#4937=CARTESIAN_POINT('Origin',(268.264395180933,-82.3002005949253,77.5814012534755));
#4938=CARTESIAN_POINT('',(268.264395180933,-99.8502005949252,80.5814012534753));
#4939=CARTESIAN_POINT('',(268.264395180933,-99.8502005949253,80.5814012534753));
#4940=CARTESIAN_POINT('Origin',(268.264395180933,-82.3002005949252,80.5814012534755));
#4941=CARTESIAN_POINT('Origin',(268.264395180933,14.3147994050747,80.5814012534765));
#4942=CARTESIAN_POINT('',(268.264395180933,12.4147994050747,77.5814012534765));
#4943=CARTESIAN_POINT('Origin',(268.264395180933,14.3147994050747,77.5814012534765));
#4944=CARTESIAN_POINT('',(268.264395180933,12.4147994050747,80.5814012534765));
#4945=CARTESIAN_POINT('',(268.264395180933,12.4147994050747,80.5814012534765));
#4946=CARTESIAN_POINT('Origin',(268.264395180933,14.3147994050747,80.5814012534765));
#4947=CARTESIAN_POINT('Origin',(268.264395180933,-9.93520059492532,80.5814012534763));
#4948=CARTESIAN_POINT('',(268.264395180933,-27.4852005949252,77.5814012534761));
#4949=CARTESIAN_POINT('Origin',(268.264395180933,-9.93520059492528,77.5814012534763));
#4950=CARTESIAN_POINT('',(268.264395180933,-27.4852005949253,80.5814012534761));
#4951=CARTESIAN_POINT('',(268.264395180933,-27.4852005949253,80.5814012534761));
#4952=CARTESIAN_POINT('Origin',(268.264395180933,-9.93520059492532,80.5814012534763));
#4953=CARTESIAN_POINT('Origin',(268.264395180933,-106.550200594925,80.5814012534753));
#4954=CARTESIAN_POINT('',(268.264395180933,-108.450200594925,77.5814012534752));
#4955=CARTESIAN_POINT('Origin',(268.264395180933,-106.550200594925,77.5814012534752));
#4956=CARTESIAN_POINT('',(268.264395180933,-108.450200594925,80.5814012534752));
#4957=CARTESIAN_POINT('',(268.264395180933,-108.450200594925,80.5814012534752));
#4958=CARTESIAN_POINT('Origin',(268.264395180933,-106.550200594925,80.5814012534753));
#4959=CARTESIAN_POINT('Origin',(268.264395180933,-58.0502005949253,80.5814012534758));
#4960=CARTESIAN_POINT('',(268.264395180933,-59.9502005949254,77.5814012534757));
#4961=CARTESIAN_POINT('Origin',(268.264395180933,-58.0502005949253,77.5814012534757));
#4962=CARTESIAN_POINT('',(268.264395180933,-59.9502005949253,80.5814012534757));
#4963=CARTESIAN_POINT('',(268.264395180933,-59.9502005949253,80.5814012534758));
#4964=CARTESIAN_POINT('Origin',(268.264395180933,-58.0502005949253,80.5814012534758));
#4965=CARTESIAN_POINT('Origin',(267.714394075045,-0.785200594925328,80.5814012534764));
#4966=CARTESIAN_POINT('',(249.714394075045,-0.785200594925328,80.5814012534764));
#4967=CARTESIAN_POINT('',(267.714394075045,17.2147994050746,80.5814012534766));
#4968=CARTESIAN_POINT('Origin',(267.714394075045,-0.785200594925328,80.5814012534764));
#4969=CARTESIAN_POINT('',(267.714394075045,17.2147994050747,77.5814012534766));
#4970=CARTESIAN_POINT('',(267.714394075045,17.2147994050746,80.5814012534766));
#4971=CARTESIAN_POINT('',(249.714394075045,-0.785200594925293,77.5814012534764));
#4972=CARTESIAN_POINT('Origin',(267.714394075045,-0.785200594925293,77.5814012534764));
#4973=CARTESIAN_POINT('',(249.714394075045,-0.785200594925328,80.5814012534764));
#4974=CARTESIAN_POINT('Origin',(249.714394075045,-19.0852042755123,80.5814012534762));
#4975=CARTESIAN_POINT('',(249.714394075045,-19.0852042755123,80.5814012534762));
#4976=CARTESIAN_POINT('',(249.714394075045,-9.93520387318092,80.5814012534763));
#4977=CARTESIAN_POINT('',(249.714394075045,-19.0852042755123,77.5814012534762));
#4978=CARTESIAN_POINT('',(249.714394075045,-9.93520387318089,77.5814012534763));
#4979=CARTESIAN_POINT('',(249.714394075045,-19.0852042755123,80.5814012534762));
#4980=CARTESIAN_POINT('Origin',(267.714394075045,-19.0852042755123,80.5814012534762));
#4981=CARTESIAN_POINT('',(249.895940981502,-21.6352492463316,80.5814012534761));
#4982=CARTESIAN_POINT('Origin',(267.714394075045,-19.0852042755123,80.5814012534762));
#4983=CARTESIAN_POINT('',(249.895940981502,-21.6352492463315,77.5814012534762));
#4984=CARTESIAN_POINT('Origin',(267.714394075045,-19.0852042755123,77.5814012534762));
#4985=CARTESIAN_POINT('',(249.895940981502,-21.6352492463316,80.5814012534761));
#4986=CARTESIAN_POINT('Origin',(249.914395180933,-25.1352005949254,80.5814012534761));
#4987=CARTESIAN_POINT('',(249.714394075045,-21.6409196162913,80.5814012534761));
#4988=CARTESIAN_POINT('Origin',(249.914395180933,-25.1352005949254,80.5814012534761));
#4989=CARTESIAN_POINT('',(249.714394075045,-21.6409196162913,77.5814012534762));
#4990=CARTESIAN_POINT('Origin',(249.914395180933,-25.1352005949253,77.5814012534761));
#4991=CARTESIAN_POINT('',(249.714394075045,-21.6409196162913,80.5814012534761));
#4992=CARTESIAN_POINT('Origin',(249.714394075045,-70.5944815735594,80.5814012534756));
#4993=CARTESIAN_POINT('',(249.714394075045,-70.5944815735594,80.5814012534756));
#4994=CARTESIAN_POINT('',(249.714394075045,-19.0852042755123,80.5814012534762));
#4995=CARTESIAN_POINT('',(249.714394075045,-70.5944815735594,77.5814012534756));
#4996=CARTESIAN_POINT('',(249.714394075045,-19.0852042755123,77.5814012534762));
#4997=CARTESIAN_POINT('',(249.714394075045,-70.5944815735594,80.5814012534756));
#4998=CARTESIAN_POINT('Origin',(249.914395180933,-67.1002005949253,80.5814012534756));
#4999=CARTESIAN_POINT('',(249.895941507843,-70.6001519462943,80.5814012534756));
#5000=CARTESIAN_POINT('Origin',(249.914395180933,-67.1002005949253,80.5814012534756));
#5001=CARTESIAN_POINT('',(249.895941507843,-70.6001519462944,77.5814012534756));
#5002=CARTESIAN_POINT('Origin',(249.914395180933,-67.1002005949254,77.5814012534757));
#5003=CARTESIAN_POINT('',(249.895941507843,-70.6001519462943,80.5814012534756));
#5004=CARTESIAN_POINT('Origin',(267.714394075045,-73.1502005949253,80.5814012534756));
#5005=CARTESIAN_POINT('',(249.714394075045,-73.1502005949253,80.5814012534756));
#5006=CARTESIAN_POINT('Origin',(267.714394075045,-73.1502005949253,80.5814012534756));
#5007=CARTESIAN_POINT('',(249.714394075045,-73.1502005949254,77.5814012534756));
#5008=CARTESIAN_POINT('Origin',(267.714394075045,-73.1502005949254,77.5814012534756));
#5009=CARTESIAN_POINT('',(249.714394075045,-73.1502005949253,80.5814012534756));
#5010=CARTESIAN_POINT('Origin',(249.714394075045,-91.4502042755123,80.5814012534754));
#5011=CARTESIAN_POINT('',(249.714394075045,-91.4502042755123,80.5814012534754));
#5012=CARTESIAN_POINT('',(249.714394075045,-82.3002038731809,80.5814012534755));
#5013=CARTESIAN_POINT('',(249.714394075045,-91.4502042755123,77.5814012534754));
#5014=CARTESIAN_POINT('',(249.714394075045,-82.300203873181,77.5814012534755));
#5015=CARTESIAN_POINT('',(249.714394075045,-91.4502042755123,80.5814012534754));
#5016=CARTESIAN_POINT('Origin',(267.714394075045,-91.4502042755122,80.5814012534754));
#5017=CARTESIAN_POINT('',(267.714394075045,-109.450204275512,80.5814012534752));
#5018=CARTESIAN_POINT('Origin',(267.714394075045,-91.4502042755122,80.5814012534754));
#5019=CARTESIAN_POINT('',(267.714394075045,-109.450204275512,77.5814012534752));
#5020=CARTESIAN_POINT('Origin',(267.714394075045,-91.4502042755123,77.5814012534754));
#5021=CARTESIAN_POINT('',(267.714394075045,-109.450204275512,80.5814012534752));
#5022=CARTESIAN_POINT('Origin',(268.814395180933,-109.450204275512,80.5814012534752));
#5023=CARTESIAN_POINT('',(268.814395180933,-109.450204275512,80.5814012534752));
#5024=CARTESIAN_POINT('',(268.264394063346,-109.450204275512,80.5814012534752));
#5025=CARTESIAN_POINT('',(268.814395180933,-109.450204275512,77.5814012534752));
#5026=CARTESIAN_POINT('',(268.264394063346,-109.450204275512,77.5814012534752));
#5027=CARTESIAN_POINT('',(268.814395180933,-109.450204275512,80.5814012534752));
#5028=CARTESIAN_POINT('Origin',(268.814395180933,-91.4502042755122,80.5814012534754));
#5029=CARTESIAN_POINT('',(286.814395180933,-91.4502042755122,80.5814012534754));
#5030=CARTESIAN_POINT('Origin',(268.814395180933,-91.4502042755122,80.5814012534754));
#5031=CARTESIAN_POINT('',(286.814395180933,-91.4502042755123,77.5814012534754));
#5032=CARTESIAN_POINT('Origin',(268.814395180933,-91.4502042755123,77.5814012534754));
#5033=CARTESIAN_POINT('',(286.814395180933,-91.4502042755122,80.5814012534754));
#5034=CARTESIAN_POINT('Origin',(286.814395180933,-62.4002005949253,80.5814012534757));
#5035=CARTESIAN_POINT('',(286.814395180933,-62.4002005949253,80.5814012534757));
#5036=CARTESIAN_POINT('',(286.814395180933,-19.0852042755123,80.5814012534762));
#5037=CARTESIAN_POINT('',(286.814395180933,-62.4002005949254,77.5814012534757));
#5038=CARTESIAN_POINT('',(286.814395180933,-19.0852042755123,77.5814012534762));
#5039=CARTESIAN_POINT('',(286.814395180933,-62.4002005949253,80.5814012534757));
#5040=CARTESIAN_POINT('Origin',(299.752592296279,-62.4002005949253,80.5814012534757));
#5041=CARTESIAN_POINT('',(299.752592296279,-62.4002005949253,80.5814012534757));
#5042=CARTESIAN_POINT('',(299.752592296279,-62.4002005949253,80.5814012534757));
#5043=CARTESIAN_POINT('',(299.752592296279,-62.4002005949254,77.5814012534757));
#5044=CARTESIAN_POINT('',(299.752592296279,-62.4002005949254,77.5814012534757));
#5045=CARTESIAN_POINT('',(299.752592296279,-62.4002005949253,80.5814012534757));
#5046=CARTESIAN_POINT('Origin',(299.752592296279,-29.8352005949253,80.5814012534761));
#5047=CARTESIAN_POINT('',(299.752592296279,-29.8352005949253,80.5814012534761));
#5048=CARTESIAN_POINT('',(299.752592296279,-29.8352005949253,80.5814012534761));
#5049=CARTESIAN_POINT('',(299.752592296279,-29.8352005949253,77.5814012534761));
#5050=CARTESIAN_POINT('',(299.752592296279,-29.8352005949253,77.5814012534761));
#5051=CARTESIAN_POINT('',(299.752592296279,-29.8352005949253,80.5814012534761));
#5052=CARTESIAN_POINT('Origin',(286.814395180933,-29.8352005949253,80.581401253476));
#5053=CARTESIAN_POINT('',(286.814395180933,-29.8352005949253,80.581401253476));
#5054=CARTESIAN_POINT('',(259.752592296279,-29.8352005949253,80.5814012534761));
#5055=CARTESIAN_POINT('',(286.814395180933,-29.8352005949253,77.5814012534761));
#5056=CARTESIAN_POINT('',(259.752592296279,-29.8352005949253,77.5814012534761));
#5057=CARTESIAN_POINT('',(286.814395180933,-29.8352005949253,80.581401253476));
#5058=CARTESIAN_POINT('Origin',(286.814395180933,-0.785200594925328,80.5814012534764));
#5059=CARTESIAN_POINT('',(286.814395180933,-0.785200594925328,80.5814012534764));
#5060=CARTESIAN_POINT('',(286.814395180933,-0.785200594925328,80.5814012534764));
#5061=CARTESIAN_POINT('',(286.814395180933,-0.785200594925293,77.5814012534764));
#5062=CARTESIAN_POINT('',(286.814395180933,-0.785200594925293,77.5814012534764));
#5063=CARTESIAN_POINT('',(286.814395180933,-0.785200594925328,80.5814012534764));
#5064=CARTESIAN_POINT('Origin',(268.814395180933,-0.785200594925328,80.5814012534764));
#5065=CARTESIAN_POINT('',(268.814395180933,17.2147994050746,80.5814012534766));
#5066=CARTESIAN_POINT('Origin',(268.814395180933,-0.785200594925328,80.5814012534764));
#5067=CARTESIAN_POINT('',(268.814395180933,17.2147994050747,77.5814012534766));
#5068=CARTESIAN_POINT('Origin',(268.814395180933,-0.785200594925293,77.5814012534764));
#5069=CARTESIAN_POINT('',(268.814395180933,17.2147994050746,80.5814012534766));
#5070=CARTESIAN_POINT('Origin',(267.714394075045,17.2147994050746,80.5814012534766));
#5071=CARTESIAN_POINT('',(268.264395180933,17.2147994050746,80.5814012534766));
#5072=CARTESIAN_POINT('',(268.264395180933,17.2147994050747,77.5814012534765));
#5073=CARTESIAN_POINT('Origin',(274.733493185662,-46.1177024352189,77.5814012534759));
#5074=CARTESIAN_POINT('Origin',(274.733493185662,-46.1177024352188,80.5814012534759));
#5075=CARTESIAN_POINT('Origin',(302.580995101635,38.9014007005299,77.5814012534757));
#5076=CARTESIAN_POINT('',(304.580995101635,68.9014007005299,77.581401253476));
#5077=CARTESIAN_POINT('',(302.580995101635,68.9014007005299,79.581401253476));
#5078=CARTESIAN_POINT('Origin',(302.580995101635,68.9014007005299,77.5814012534761));
#5079=CARTESIAN_POINT('',(302.580995101635,28.9014007005299,79.5814012534756));
#5080=CARTESIAN_POINT('',(302.580995101635,38.9014007005299,79.5814012534757));
#5081=CARTESIAN_POINT('',(304.580995101635,28.9014007005299,77.5814012534756));
#5082=CARTESIAN_POINT('Origin',(302.580995101635,28.9014007005299,77.5814012534756));
#5083=CARTESIAN_POINT('',(304.580995101635,68.9014007005299,77.581401253476));
#5084=CARTESIAN_POINT('Origin',(272.015995101635,28.9014007005299,77.5814012534756));
#5085=CARTESIAN_POINT('',(274.015995101635,28.9014007005299,79.5814012534756));
#5086=CARTESIAN_POINT('',(304.580995101635,28.9014007005299,79.5814012534756));
#5087=CARTESIAN_POINT('',(272.015995101635,28.9014007005299,77.5814012534756));
#5088=CARTESIAN_POINT('Origin',(274.015995101635,28.9014007005299,77.5814012534756));
#5089=CARTESIAN_POINT('',(304.580995101635,28.9014007005299,77.5814012534756));
#5090=CARTESIAN_POINT('Origin',(288.298495101635,48.9014007005299,79.5814012534758));
#5091=CARTESIAN_POINT('',(274.015995101635,68.9014007005299,79.581401253476));
#5092=CARTESIAN_POINT('',(272.015995101635,68.9014007005299,79.581401253476));
#5093=CARTESIAN_POINT('',(274.015995101635,58.9014007005299,79.5814012534759));
#5094=CARTESIAN_POINT('',(302.130995101635,37.4132035851843,79.5814012534757));
#5095=CARTESIAN_POINT('Origin',(300.230995101635,37.4132035851843,79.5814012534757));
#5096=CARTESIAN_POINT('',(278.265995101635,37.4132035851843,79.5814012534757));
#5097=CARTESIAN_POINT('Origin',(276.365995101635,37.4132035851843,79.5814012534757));
#5098=CARTESIAN_POINT('Origin',(274.015995101635,58.9014007005299,77.5814012534759));
#5099=CARTESIAN_POINT('',(272.015995101635,68.9014007005299,77.581401253476));
#5100=CARTESIAN_POINT('Origin',(274.015995101635,68.9014007005299,77.581401253476));
#5101=CARTESIAN_POINT('',(272.015995101635,28.9014007005299,77.5814012534756));
#5102=CARTESIAN_POINT('Origin',(276.365995101635,37.4132035851843,77.5814012534757));
#5103=CARTESIAN_POINT('',(278.265995101635,37.4132035851843,77.5814012534757));
#5104=CARTESIAN_POINT('',(278.265995101635,37.4132035851843,77.5814012534757));
#5105=CARTESIAN_POINT('Origin',(276.365995101635,37.4132035851843,77.5814012534757));
#5106=CARTESIAN_POINT('Origin',(300.230995101635,37.4132035851843,77.5814012534757));
#5107=CARTESIAN_POINT('',(302.130995101635,37.4132035851843,77.5814012534757));
#5108=CARTESIAN_POINT('',(302.130995101635,37.4132035851843,77.5814012534757));
#5109=CARTESIAN_POINT('Origin',(300.230995101635,37.4132035851843,77.5814012534757));
#5110=CARTESIAN_POINT('Origin',(304.580995101635,68.9014007005299,77.581401253476));
#5111=CARTESIAN_POINT('',(272.015995101635,68.9014007005299,77.581401253476));
#5112=CARTESIAN_POINT('Origin',(288.298495101635,48.9014007005299,77.5814012534758));
#5113=CARTESIAN_POINT('Origin',(321.889207222563,-52.09859929947,78.5814012534752));
#5114=CARTESIAN_POINT('',(325.462650633109,-52.09859929947,77.5814012534752));
#5115=CARTESIAN_POINT('',(325.767632140058,-52.09859929947,79.5814012534752));
#5116=CARTESIAN_POINT('Origin',(322.30279798629,-52.09859929947,79.0865029943516));
#5117=CARTESIAN_POINT('',(319.130316997215,-52.09859929947,77.5814012534752));
#5118=CARTESIAN_POINT('',(329.07779798629,-52.09859929947,77.5814012534752));
#5119=CARTESIAN_POINT('',(317.975616458836,-52.09859929947,79.5814012534752));
#5120=CARTESIAN_POINT('',(318.681321655248,-52.09859929947,78.3590839981243));
#5121=CARTESIAN_POINT('',(342.015995101635,-52.09859929947,79.5814012534752));
#5122=CARTESIAN_POINT('Origin',(322.30279798629,-56.0985992994701,79.0865029943516));
#5123=CARTESIAN_POINT('',(325.767632140058,-36.0985992994701,79.5814012534754));
#5124=CARTESIAN_POINT('',(325.767632140058,-56.0985992994701,79.5814012534752));
#5125=CARTESIAN_POINT('',(325.462650633109,-36.09859929947,77.5814012534754));
#5126=CARTESIAN_POINT('Origin',(322.30279798629,-36.0985992994701,79.0865029943519));
#5127=CARTESIAN_POINT('',(325.462650633109,-56.09859929947,77.5814012534751));
#5128=CARTESIAN_POINT('Origin',(342.015995101635,-56.0985992994701,79.5814012534751));
#5129=CARTESIAN_POINT('',(342.015995101635,-56.09859929947,77.5814012534751));
#5130=CARTESIAN_POINT('',(342.015995101635,-56.0985992994701,79.5814012534751));
#5131=CARTESIAN_POINT('',(342.015995101635,-56.0985992994697,47.0164012534752));
#5132=CARTESIAN_POINT('',(342.015995101635,-36.09859929947,77.5814012534754));
#5133=CARTESIAN_POINT('',(342.015995101635,-56.09859929947,77.5814012534751));
#5134=CARTESIAN_POINT('',(342.015995101635,-36.0985992994701,79.5814012534754));
#5135=CARTESIAN_POINT('',(342.015995101635,-36.0985992994697,47.0164012534754));
#5136=CARTESIAN_POINT('',(342.015995101635,-56.0985992994701,79.5814012534751));
#5137=CARTESIAN_POINT('Origin',(333.739322867372,-36.09859929947,78.5814012534754));
#5138=CARTESIAN_POINT('',(329.07779798629,-36.09859929947,77.5814012534754));
#5139=CARTESIAN_POINT('',(342.015995101635,-36.0985992994701,79.5814012534754));
#5140=CARTESIAN_POINT('Origin',(317.975616458836,-56.0985992994701,79.5814012534752));
#5141=CARTESIAN_POINT('',(319.130316997215,-36.09859929947,77.5814012534754));
#5142=CARTESIAN_POINT('',(319.130316997215,-56.09859929947,77.5814012534751));
#5143=CARTESIAN_POINT('',(317.975616458836,-36.0985992994701,79.5814012534754));
#5144=CARTESIAN_POINT('',(317.291605703433,-36.0985992994701,80.766142634757));
#5145=CARTESIAN_POINT('',(317.975616458836,-56.0985992994701,79.5814012534752));
#5146=CARTESIAN_POINT('Origin',(302.015995101635,-56.0985992994701,79.5814012534752));
#5147=CARTESIAN_POINT('',(302.015995101635,-56.0985992994701,79.5814012534752));
#5148=CARTESIAN_POINT('',(342.015995101635,-56.0985992994701,79.5814012534751));
#5149=CARTESIAN_POINT('',(302.015995101635,-36.0985992994701,79.5814012534754));
#5150=CARTESIAN_POINT('',(342.015995101635,-36.0985992994701,79.5814012534754));
#5151=CARTESIAN_POINT('',(302.015995101635,-56.0985992994701,79.5814012534752));
#5152=CARTESIAN_POINT('Origin',(302.015995101635,-56.09859929947,77.5814012534752));
#5153=CARTESIAN_POINT('',(302.015995101635,-56.09859929947,77.5814012534752));
#5154=CARTESIAN_POINT('',(302.015995101635,-56.0985992994701,79.5814012534752));
#5155=CARTESIAN_POINT('',(302.015995101635,-36.09859929947,77.5814012534754));
#5156=CARTESIAN_POINT('',(302.015995101635,-36.0985992994701,79.5814012534754));
#5157=CARTESIAN_POINT('',(302.015995101635,-56.09859929947,77.5814012534752));
#5158=CARTESIAN_POINT('Origin',(319.130316997215,-56.09859929947,77.5814012534751));
#5159=CARTESIAN_POINT('',(329.07779798629,-56.09859929947,77.5814012534751));
#5160=CARTESIAN_POINT('',(329.07779798629,-36.09859929947,77.5814012534754));
#5161=CARTESIAN_POINT('Origin',(310.573156049425,-56.09859929947,78.5814012534752));
#5162=CARTESIAN_POINT('Origin',(310.573156049425,-36.09859929947,78.5814012534754));
#5163=CARTESIAN_POINT('Origin',(302.015995101635,-11.0985992994701,80.1464012534752));
#5164=CARTESIAN_POINT('',(302.015995101635,-11.0985992994701,80.1464012534752));
#5165=CARTESIAN_POINT('',(342.015995101635,-11.0985992994701,80.1464012534752));
#5166=CARTESIAN_POINT('',(329.07779798629,-11.0985992994701,80.1464012534752));
#5167=CARTESIAN_POINT('',(342.015995101635,8.90140070052988,80.1464012534754));
#5168=CARTESIAN_POINT('',(342.015995101635,-11.0985992994701,80.1464012534752));
#5169=CARTESIAN_POINT('',(302.015995101635,8.90140070052988,80.1464012534754));
#5170=CARTESIAN_POINT('',(329.07779798629,8.90140070052988,80.1464012534754));
#5171=CARTESIAN_POINT('',(302.015995101635,-11.0985992994701,80.1464012534752));
#5172=CARTESIAN_POINT('Origin',(302.015995101635,-11.0985992994701,77.5814012534752));
#5173=CARTESIAN_POINT('',(302.015995101635,-11.0985992994701,77.5814012534752));
#5174=CARTESIAN_POINT('',(302.015995101635,-11.0985992994703,95.1464012534752));
#5175=CARTESIAN_POINT('',(302.015995101635,8.90140070052992,77.5814012534754));
#5176=CARTESIAN_POINT('',(302.015995101635,8.90140070052974,95.1464012534754));
#5177=CARTESIAN_POINT('',(302.015995101635,-11.0985992994701,77.5814012534752));
#5178=CARTESIAN_POINT('Origin',(342.015995101635,-11.0985992994701,77.5814012534752));
#5179=CARTESIAN_POINT('',(342.015995101635,-11.0985992994701,77.5814012534752));
#5180=CARTESIAN_POINT('',(329.07779798629,-11.0985992994701,77.5814012534752));
#5181=CARTESIAN_POINT('',(342.015995101635,8.90140070052992,77.5814012534754));
#5182=CARTESIAN_POINT('',(329.07779798629,8.90140070052992,77.5814012534754));
#5183=CARTESIAN_POINT('',(342.015995101635,-11.0985992994701,77.5814012534752));
#5184=CARTESIAN_POINT('Origin',(342.015995101635,-11.0985992994701,80.1464012534752));
#5185=CARTESIAN_POINT('',(342.015995101635,-11.0985992994699,62.5814012534752));
#5186=CARTESIAN_POINT('',(342.015995101635,8.90140070053006,62.5814012534754));
#5187=CARTESIAN_POINT('Origin',(322.015995101635,-11.0985992994701,78.8639012534752));
#5188=CARTESIAN_POINT('Origin',(322.015995101635,8.9014007005299,78.8639012534754));
#5189=CARTESIAN_POINT('Origin',(322.142782980708,-30.0985992994702,78.5814012534754));
#5190=CARTESIAN_POINT('',(324.901673206055,-30.0985992994702,77.5814012534754));
#5191=CARTESIAN_POINT('',(318.569339570162,-30.0985992994702,77.5814012534754));
#5192=CARTESIAN_POINT('',(314.954192216981,-30.0985992994701,77.5814012534754));
#5193=CARTESIAN_POINT('',(318.264358063213,-30.0985992994702,79.5814012534754));
#5194=CARTESIAN_POINT('Origin',(321.729192216981,-30.0985992994702,79.0865029943519));
#5195=CARTESIAN_POINT('',(326.056373744434,-30.0985992994702,79.5814012534754));
#5196=CARTESIAN_POINT('',(342.015995101635,-30.0985992994704,79.5814012534753));
#5197=CARTESIAN_POINT('',(324.773318278833,-30.0985992994702,77.3590839981245));
#5198=CARTESIAN_POINT('Origin',(342.015995101635,-34.0985992994704,79.5814012534753));
#5199=CARTESIAN_POINT('',(342.015995101635,-34.0985992994704,77.5814012534754));
#5200=CARTESIAN_POINT('',(342.015995101635,-34.0985992994704,79.5814012534753));
#5201=CARTESIAN_POINT('',(342.015995101635,-34.0985992994704,47.0164012534753));
#5202=CARTESIAN_POINT('',(342.015995101635,-14.0985992994704,77.5814012534754));
#5203=CARTESIAN_POINT('',(342.015995101635,-34.0985992994704,77.5814012534754));
#5204=CARTESIAN_POINT('',(342.015995101635,-14.0985992994704,79.5814012534753));
#5205=CARTESIAN_POINT('',(342.015995101635,-14.0985992994704,47.0164012534753));
#5206=CARTESIAN_POINT('',(342.015995101635,-34.0985992994704,79.5814012534753));
#5207=CARTESIAN_POINT('Origin',(324.901673206055,-34.0985992994702,77.5814012534754));
#5208=CARTESIAN_POINT('',(326.056373744435,-14.0985992994702,79.5814012534754));
#5209=CARTESIAN_POINT('',(326.056373744434,-34.0985992994702,79.5814012534754));
#5210=CARTESIAN_POINT('',(324.901673206055,-14.0985992994702,77.5814012534754));
#5211=CARTESIAN_POINT('',(324.760281130226,-14.0985992994702,77.3365029943519));
#5212=CARTESIAN_POINT('',(324.901673206055,-34.0985992994702,77.5814012534754));
#5213=CARTESIAN_POINT('Origin',(333.458834153845,-14.0985992994703,78.5814012534754));
#5214=CARTESIAN_POINT('',(314.954192216981,-14.0985992994701,77.5814012534754));
#5215=CARTESIAN_POINT('',(342.015995101635,-14.0985992994704,79.5814012534753));
#5216=CARTESIAN_POINT('Origin',(321.729192216981,-34.0985992994702,79.0865029943519));
#5217=CARTESIAN_POINT('',(318.569339570162,-14.0985992994701,77.5814012534754));
#5218=CARTESIAN_POINT('',(318.569339570161,-34.0985992994701,77.5814012534754));
#5219=CARTESIAN_POINT('',(318.264358063213,-14.0985992994701,79.5814012534754));
#5220=CARTESIAN_POINT('Origin',(321.729192216981,-14.0985992994702,79.0865029943519));
#5221=CARTESIAN_POINT('',(318.264358063213,-34.0985992994701,79.5814012534754));
#5222=CARTESIAN_POINT('Origin',(302.015995101635,-34.09859929947,79.5814012534753));
#5223=CARTESIAN_POINT('',(302.015995101635,-34.09859929947,79.5814012534753));
#5224=CARTESIAN_POINT('',(342.015995101635,-34.0985992994704,79.5814012534753));
#5225=CARTESIAN_POINT('',(302.015995101635,-14.09859929947,79.5814012534753));
#5226=CARTESIAN_POINT('',(342.015995101635,-14.0985992994704,79.5814012534753));
#5227=CARTESIAN_POINT('',(302.015995101635,-34.09859929947,79.5814012534753));
#5228=CARTESIAN_POINT('Origin',(302.015995101635,-34.09859929947,77.5814012534753));
#5229=CARTESIAN_POINT('',(302.015995101635,-34.09859929947,77.5814012534753));
#5230=CARTESIAN_POINT('',(302.015995101635,-34.09859929947,79.5814012534753));
#5231=CARTESIAN_POINT('',(302.015995101635,-14.09859929947,77.5814012534753));
#5232=CARTESIAN_POINT('',(302.015995101635,-14.09859929947,79.5814012534753));
#5233=CARTESIAN_POINT('',(302.015995101635,-34.09859929947,77.5814012534753));
#5234=CARTESIAN_POINT('Origin',(318.569339570161,-34.0985992994702,77.5814012534754));
#5235=CARTESIAN_POINT('',(314.954192216981,-34.0985992994701,77.5814012534754));
#5236=CARTESIAN_POINT('',(314.954192216981,-14.0985992994701,77.5814012534754));
#5237=CARTESIAN_POINT('Origin',(310.292667335898,-34.0985992994701,78.5814012534753));
#5238=CARTESIAN_POINT('Origin',(310.292667335899,-14.0985992994701,78.5814012534753));
#5239=CARTESIAN_POINT('',(1.05360165036927E-12,-58.1985992994626,-63.1985992994728));
#5240=CARTESIAN_POINT('',(337.015995101634,-16.0985992994675,-77.5814012534749));
#5241=UNCERTAINTY_MEASURE_WITH_UNIT(LENGTH_MEASURE(0.01),#5249,
'DISTANCE_ACCURACY_VALUE',
'Maximum model space distance between geometric entities at asserted c
onnectivities');
#5242=UNCERTAINTY_MEASURE_WITH_UNIT(LENGTH_MEASURE(0.01),#5249,
'DISTANCE_ACCURACY_VALUE',
'Maximum model space distance between geometric entities at asserted c
onnectivities');
#5243=UNCERTAINTY_MEASURE_WITH_UNIT(LENGTH_MEASURE(0.01),#5249,
'DISTANCE_ACCURACY_VALUE',
'Maximum model space distance between geometric entities at asserted c
onnectivities');
#5244=UNCERTAINTY_MEASURE_WITH_UNIT(LENGTH_MEASURE(0.01),#5249,
'DISTANCE_ACCURACY_VALUE',
'Maximum model space distance between geometric entities at asserted c
onnectivities');
#5245=(
GEOMETRIC_REPRESENTATION_CONTEXT(3)
GLOBAL_UNCERTAINTY_ASSIGNED_CONTEXT((#5241))
GLOBAL_UNIT_ASSIGNED_CONTEXT((#5249,#5251,#5252))
REPRESENTATION_CONTEXT('','3D')
);
#5246=(
GEOMETRIC_REPRESENTATION_CONTEXT(3)
GLOBAL_UNCERTAINTY_ASSIGNED_CONTEXT((#5242))
GLOBAL_UNIT_ASSIGNED_CONTEXT((#5249,#5251,#5252))
REPRESENTATION_CONTEXT('','3D')
);
#5247=(
GEOMETRIC_REPRESENTATION_CONTEXT(3)
GLOBAL_UNCERTAINTY_ASSIGNED_CONTEXT((#5243))
GLOBAL_UNIT_ASSIGNED_CONTEXT((#5249,#5251,#5252))
REPRESENTATION_CONTEXT('','3D')
);
#5248=(
GEOMETRIC_REPRESENTATION_CONTEXT(3)
GLOBAL_UNCERTAINTY_ASSIGNED_CONTEXT((#5244))
GLOBAL_UNIT_ASSIGNED_CONTEXT((#5249,#5251,#5252))
REPRESENTATION_CONTEXT('','3D')
);
#5249=(
LENGTH_UNIT()
NAMED_UNIT(*)
SI_UNIT(.MILLI.,.METRE.)
);
#5250=(
LENGTH_UNIT()
NAMED_UNIT(*)
SI_UNIT($,.METRE.)
);
#5251=(
NAMED_UNIT(*)
PLANE_ANGLE_UNIT()
SI_UNIT($,.RADIAN.)
);
#5252=(
NAMED_UNIT(*)
SI_UNIT($,.STERADIAN.)
SOLID_ANGLE_UNIT()
);
#5253=SHAPE_DEFINITION_REPRESENTATION(#5256,#5261);
#5254=SHAPE_DEFINITION_REPRESENTATION(#5257,#5262);
#5255=SHAPE_DEFINITION_REPRESENTATION(#5258,#5263);
#5256=PRODUCT_DEFINITION_SHAPE('',$,#5265);
#5257=PRODUCT_DEFINITION_SHAPE('',$,#5266);
#5258=PRODUCT_DEFINITION_SHAPE('',$,#5267);
#5259=PRODUCT_DEFINITION_SHAPE($,$,#17);
#5260=PRODUCT_DEFINITION_SHAPE($,$,#18);
#5261=SHAPE_REPRESENTATION('',(#3181,#3464,#3465),#5245);
#5262=SHAPE_REPRESENTATION('',(#3182),#5246);
#5263=SHAPE_REPRESENTATION('',(#3363),#5247);
#5264=PRODUCT_DEFINITION_CONTEXT('part definition',#5275,'design');
#5265=PRODUCT_DEFINITION('Water Dispenser','Water Dispenser v3',#5268,#5264);
#5266=PRODUCT_DEFINITION('PCB Case','PCB Case',#5269,#5264);
#5267=PRODUCT_DEFINITION('Pump','Pump',#5270,#5264);
#5268=PRODUCT_DEFINITION_FORMATION('',$,#5277);
#5269=PRODUCT_DEFINITION_FORMATION('',$,#5278);
#5270=PRODUCT_DEFINITION_FORMATION('',$,#5279);
#5271=PRODUCT_RELATED_PRODUCT_CATEGORY('Water Dispenser v3',
'Water Dispenser v3',(#5277));
#5272=PRODUCT_RELATED_PRODUCT_CATEGORY('PCB Case','PCB Case',(#5278));
#5273=PRODUCT_RELATED_PRODUCT_CATEGORY('Pump','Pump',(#5279));
#5274=APPLICATION_PROTOCOL_DEFINITION('international standard',
'automotive_design',2009,#5275);
#5275=APPLICATION_CONTEXT(
'Core Data for Automotive Mechanical Design Process');
#5276=PRODUCT_CONTEXT('part definition',#5275,'mechanical');
#5277=PRODUCT('Water Dispenser','Water Dispenser v3',$,(#5276));
#5278=PRODUCT('PCB Case','PCB Case',$,(#5276));
#5279=PRODUCT('Pump','Pump',$,(#5276));
#5280=PRESENTATION_STYLE_ASSIGNMENT((#5281));
#5281=SURFACE_STYLE_USAGE(.BOTH.,#5282);
#5282=SURFACE_SIDE_STYLE('',(#5283));
#5283=SURFACE_STYLE_FILL_AREA(#5284);
#5284=FILL_AREA_STYLE('Steel - Satin',(#5285));
#5285=FILL_AREA_STYLE_COLOUR('Steel - Satin',#5286);
#5286=COLOUR_RGB('Steel - Satin',0.627450980392157,0.627450980392157,0.627450980392157);
ENDSEC;
END-ISO-10303-21;
